[
  {
    "_id": "5a1eb7ced78e42cc3a9cc677",
    "_parentId": "5a1eb7ced78e42cc3a9cc675",
    "_type": "block",
    "_isAvailable": true,
    "_isOptional": false,
    "_trackingId": 1,
    "_classes": "color-one",
    "body": "",
    "displayTitle": "",
    "title": " ",
    "_assessment": {
      "_quizBankID": 1
    }
  },
  {
    "_id": "5a1eb7e6d78e42cc3a9cc6d8",
    "_parentId": "5a1eb7e6d78e42cc3a9cc6d5",
    "_type": "block",
    "_isAvailable": true,
    "_isOptional": false,
    "_trackingId": 2,
    "_classes": "color-four",
    "body": "",
    "displayTitle": "",
    "title": " ",
    "_assessment": {
      "_quizBankID": 1
    }
  },
  {
    "_id": "5a1eb7e7d78e42cc3a9cc6e0",
    "_parentId": "5a1eb7e6d78e42cc3a9cc6d6",
    "_type": "block",
    "_isAvailable": true,
    "_isOptional": false,
    "_trackingId": 3,
    "_classes": "inverted footer",
    "body": "",
    "displayTitle": " ",
    "title": " ",
    "_assessment": {
      "_quizBankID": 1
    }
  },
  {
    "_id": "5a1eb7e7d78e42cc3a9cc6e2",
    "_parentId": "5a1eb7e6d78e42cc3a9cc6d7",
    "_type": "block",
    "_isAvailable": true,
    "_isOptional": false,
    "_trackingId": 4,
    "_classes": "inverted color-one",
    "body": "",
    "displayTitle": " ",
    "title": " ",
    "_assessment": {
      "_quizBankID": 1
    }
  },
  {
    "_id": "5a1ec356d78e42cc3a9cc815",
    "_parentId": "5a1eb7ced78e42cc3a9cc676",
    "_type": "block",
    "_isAvailable": true,
    "_isOptional": false,
    "_trackingId": 5,
    "_classes": "color-two",
    "body": "",
    "displayTitle": "",
    "title": "Block title",
    "_assessment": {
      "_quizBankID": 1
    }
  },
  {
    "_id": "5a1ff656d78e42cc3a9cc8b1",
    "_parentId": "5a1ff646d78e42cc3a9cc8ae",
    "_type": "block",
    "_isAvailable": true,
    "_isOptional": false,
    "_trackingId": 6,
    "_classes": "footer inverted",
    "body": "",
    "displayTitle": " ",
    "title": " ",
    "_assessment": {
      "_quizBankID": 1
    }
  },
  {
    "_id": "5a81955036537b100508f030",
    "_parentId": "5a81955036537b100508f02d",
    "_type": "block",
    "_isAvailable": true,
    "_isOptional": false,
    "_trackingId": 7,
    "_classes": "color-one",
    "body": "",
    "displayTitle": "",
    "title": " ",
    "_assessment": {
      "_quizBankID": 1
    }
  },
  {
    "_id": "5a81955136537b100508f036",
    "_parentId": "5a81955036537b100508f02e",
    "_type": "block",
    "_isAvailable": true,
    "_isOptional": false,
    "_trackingId": 8,
    "_classes": "color-two",
    "body": "",
    "displayTitle": "",
    "title": " ",
    "_assessment": {
      "_quizBankID": 1
    }
  },
  {
    "_id": "5a81955136537b100508f03a",
    "_parentId": "5a81955036537b100508f02f",
    "_type": "block",
    "_isAvailable": true,
    "_isOptional": false,
    "_trackingId": 9,
    "_classes": "footer inverted",
    "body": "",
    "displayTitle": " ",
    "title": " ",
    "_assessment": {
      "_quizBankID": 1
    }
  },
  {
    "_id": "5a85563417d7081505bc4742",
    "_parentId": "5a85563417d7081505bc473f",
    "_type": "block",
    "_isAvailable": true,
    "_isOptional": false,
    "_trackingId": 10,
    "_classes": "color-one",
    "body": "",
    "displayTitle": "",
    "title": " ",
    "_assessment": {
      "_quizBankID": 1
    }
  },
  {
    "_id": "5a8bffaa1bfbe32905d95cb6",
    "_parentId": "5a85563417d7081505bc4740",
    "_type": "block",
    "_isAvailable": true,
    "_isOptional": false,
    "_trackingId": 11,
    "_classes": "inverted color-two",
    "body": "",
    "displayTitle": "",
    "title": " ",
    "_assessment": {
      "_quizBankID": 1
    }
  },
  {
    "_id": "5a85563517d7081505bc474c",
    "_parentId": "5a85563417d7081505bc4741",
    "_type": "block",
    "_isAvailable": true,
    "_isOptional": false,
    "_trackingId": 12,
    "_classes": "footer inverted",
    "body": "",
    "displayTitle": " ",
    "title": " ",
    "_assessment": {
      "_quizBankID": 1
    }
  },
  {
    "_id": "5a1eb7ced78e42cc3a9cc679",
    "_parentId": "5a1eb7ced78e42cc3a9cc675",
    "_type": "block",
    "_isAvailable": true,
    "_isOptional": false,
    "_trackingId": 13,
    "_classes": "inverted color-one",
    "body": "",
    "displayTitle": " ",
    "title": " ",
    "_assessment": {
      "_quizBankID": 1
    }
  },
  {
    "_id": "5a1eb7e7d78e42cc3a9cc6e4",
    "_parentId": "5a1eb7e6d78e42cc3a9cc6d7",
    "_type": "block",
    "_isAvailable": true,
    "_isOptional": false,
    "_trackingId": 14,
    "_classes": "color-one",
    "body": "",
    "displayTitle": " ",
    "title": " ",
    "_assessment": {
      "_quizBankID": 1
    }
  },
  {
    "_id": "5a1ec376d78e42cc3a9cc819",
    "_parentId": "5a1eb7ced78e42cc3a9cc676",
    "_type": "block",
    "_isAvailable": true,
    "_isOptional": false,
    "_trackingId": 15,
    "_classes": "inverted color-two",
    "body": "",
    "displayTitle": "",
    "title": "Block title",
    "_assessment": {
      "_quizBankID": 1
    }
  },
  {
    "_id": "5a20191dd78e42cc3a9cc8d8",
    "_parentId": "5a1eb7e6d78e42cc3a9cc6d5",
    "_type": "block",
    "_isAvailable": true,
    "_isOptional": false,
    "_trackingId": 16,
    "_classes": "section-banner inverted color-two",
    "body": "",
    "displayTitle": "",
    "title": "Block title",
    "_assessment": {
      "_quizBankID": 1
    }
  },
  {
    "_id": "5a81955036537b100508f031",
    "_parentId": "5a81955036537b100508f02d",
    "_type": "block",
    "_isAvailable": true,
    "_isOptional": false,
    "_trackingId": 17,
    "_classes": "inverted color-one",
    "body": "",
    "displayTitle": " ",
    "title": " ",
    "_assessment": {
      "_quizBankID": 1
    }
  },
  {
    "_id": "5a81955136537b100508f037",
    "_parentId": "5a81955036537b100508f02e",
    "_type": "block",
    "_isAvailable": true,
    "_isOptional": false,
    "_trackingId": 18,
    "_classes": "inverted color-two",
    "body": "",
    "displayTitle": "",
    "title": " ",
    "_assessment": {
      "_quizBankID": 1
    }
  },
  {
    "_id": "5a85563417d7081505bc4743",
    "_parentId": "5a85563417d7081505bc473f",
    "_type": "block",
    "_isAvailable": true,
    "_isOptional": false,
    "_trackingId": 19,
    "_classes": "inverted color-one",
    "body": "",
    "displayTitle": " ",
    "title": " ",
    "_assessment": {
      "_quizBankID": 1
    }
  },
  {
    "_id": "5a85563417d7081505bc4748",
    "_parentId": "5a85563417d7081505bc4740",
    "_type": "block",
    "_isAvailable": true,
    "_isOptional": false,
    "_trackingId": 20,
    "_classes": "color-two",
    "body": "",
    "displayTitle": "",
    "title": " ",
    "_assessment": {
      "_quizBankID": 1
    }
  },
  {
    "_id": "5a1eb7ced78e42cc3a9cc681",
    "_parentId": "5a1eb7ced78e42cc3a9cc675",
    "_type": "block",
    "_isAvailable": true,
    "_isOptional": false,
    "_trackingId": 21,
    "_classes": "",
    "body": "",
    "displayTitle": " ",
    "title": " ",
    "_assessment": {
      "_quizBankID": 1
    }
  },
  {
    "_id": "5a1eb7e7d78e42cc3a9cc6e3",
    "_parentId": "5a1eb7e6d78e42cc3a9cc6d7",
    "_type": "block",
    "_isAvailable": true,
    "_isOptional": false,
    "_trackingId": 22,
    "_classes": "inverted color-one",
    "body": "",
    "displayTitle": " ",
    "title": " ",
    "_assessment": {
      "_quizBankID": 1
    }
  },
  {
    "_id": "5a1ec37cd78e42cc3a9cc81d",
    "_parentId": "5a1eb7ced78e42cc3a9cc676",
    "_type": "block",
    "_isAvailable": true,
    "_isOptional": false,
    "_trackingId": 23,
    "_classes": "color-two",
    "body": "",
    "displayTitle": "",
    "title": "Block title",
    "_assessment": {
      "_quizBankID": 1
    }
  },
  {
    "_id": "5a2017f3d78e42cc3a9cc8d5",
    "_parentId": "5a1eb7e6d78e42cc3a9cc6d5",
    "_type": "block",
    "_isAvailable": true,
    "_isOptional": false,
    "_trackingId": 24,
    "_classes": "color-two",
    "body": "",
    "displayTitle": "",
    "title": "Block title",
    "_assessment": {
      "_quizBankID": 1
    }
  },
  {
    "_id": "5a81955136537b100508f033",
    "_parentId": "5a81955036537b100508f02d",
    "_type": "block",
    "_isAvailable": true,
    "_isOptional": false,
    "_trackingId": 25,
    "_classes": "",
    "body": "",
    "displayTitle": " ",
    "title": " ",
    "_assessment": {
      "_quizBankID": 1
    }
  },
  {
    "_id": "5a81955136537b100508f038",
    "_parentId": "5a81955036537b100508f02e",
    "_type": "block",
    "_isAvailable": true,
    "_isOptional": false,
    "_trackingId": 26,
    "_classes": "color-two",
    "body": "",
    "displayTitle": "",
    "title": " ",
    "_assessment": {
      "_quizBankID": 1
    }
  },
  {
    "_id": "5a85563417d7081505bc4745",
    "_parentId": "5a85563417d7081505bc473f",
    "_type": "block",
    "_isAvailable": true,
    "_isOptional": false,
    "_trackingId": 27,
    "_classes": "",
    "body": "",
    "displayTitle": " ",
    "title": " ",
    "_assessment": {
      "_quizBankID": 1
    }
  },
  {
    "_id": "5a85563417d7081505bc4749",
    "_parentId": "5a85563417d7081505bc4740",
    "_type": "block",
    "_isAvailable": true,
    "_isOptional": false,
    "_trackingId": 28,
    "_classes": "inverted color-two",
    "body": "",
    "displayTitle": "",
    "title": " ",
    "_assessment": {
      "_quizBankID": 1
    }
  },
  {
    "_id": "5a1eb7ced78e42cc3a9cc67d",
    "_parentId": "5a1eb7ced78e42cc3a9cc675",
    "_type": "block",
    "_isAvailable": true,
    "_isOptional": false,
    "_trackingId": 29,
    "_classes": "inverted color-one",
    "body": "",
    "displayTitle": " ",
    "title": " ",
    "_assessment": {
      "_quizBankID": 1
    }
  },
  {
    "_id": "5a1eb7e7d78e42cc3a9cc6e5",
    "_parentId": "5a1eb7e6d78e42cc3a9cc6d7",
    "_type": "block",
    "_isAvailable": true,
    "_isOptional": false,
    "_trackingId": 30,
    "_classes": "color-one",
    "body": "",
    "displayTitle": " ",
    "title": " ",
    "_assessment": {
      "_quizBankID": 1
    }
  },
  {
    "_id": "5a1ec383d78e42cc3a9cc821",
    "_parentId": "5a1eb7ced78e42cc3a9cc676",
    "_type": "block",
    "_isAvailable": true,
    "_isOptional": false,
    "_trackingId": 31,
    "_classes": "inverted color-two",
    "body": "",
    "displayTitle": "",
    "title": "Block title",
    "_assessment": {
      "_quizBankID": 1
    }
  },
  {
    "_id": "5a2022ccd78e42cc3a9cc8dd",
    "_parentId": "5a1eb7e6d78e42cc3a9cc6d5",
    "_type": "block",
    "_isAvailable": true,
    "_isOptional": false,
    "_trackingId": 32,
    "_classes": "inverted color-two",
    "body": "",
    "displayTitle": "",
    "title": "Block title",
    "_assessment": {
      "_quizBankID": 1
    }
  },
  {
    "_id": "5a8aaa0d5dbe421d05883d01",
    "_parentId": "5a81955036537b100508f02d",
    "_type": "block",
    "_isAvailable": true,
    "_isOptional": false,
    "_trackingId": 33,
    "_classes": "inverted color-one",
    "body": "",
    "displayTitle": " ",
    "title": " ",
    "_assessment": {
      "_quizBankID": 1
    }
  },
  {
    "_id": "5a81955136537b100508f039",
    "_parentId": "5a81955036537b100508f02e",
    "_type": "block",
    "_isAvailable": true,
    "_isOptional": false,
    "_trackingId": 34,
    "_classes": "inverted color-two",
    "body": "",
    "displayTitle": "",
    "title": " ",
    "_assessment": {
      "_quizBankID": 1
    }
  },
  {
    "_id": "5a85563417d7081505bc4744",
    "_parentId": "5a85563417d7081505bc473f",
    "_type": "block",
    "_isAvailable": true,
    "_isOptional": false,
    "_trackingId": 35,
    "_classes": "inverted color-one",
    "body": "",
    "displayTitle": " ",
    "title": " ",
    "_assessment": {
      "_quizBankID": 1
    }
  },
  {
    "_id": "5a85563517d7081505bc474a",
    "_parentId": "5a85563417d7081505bc4740",
    "_type": "block",
    "_isAvailable": true,
    "_isOptional": false,
    "_trackingId": 36,
    "_classes": "color-two",
    "body": "",
    "displayTitle": "",
    "title": "Block title",
    "_assessment": {
      "_quizBankID": 1
    }
  },
  {
    "_id": "5a1ff736d78e42cc3a9cc8c2",
    "_parentId": "5a1eb7ced78e42cc3a9cc675",
    "_type": "block",
    "_isAvailable": true,
    "_isOptional": false,
    "_trackingId": 37,
    "_classes": "color-one",
    "body": "",
    "displayTitle": "",
    "title": "Block title",
    "_assessment": {
      "_quizBankID": 1
    }
  },
  {
    "_id": "5a2038ced78e42cc3a9cc8e4",
    "_parentId": "5a1eb7e6d78e42cc3a9cc6d5",
    "_type": "block",
    "_isAvailable": true,
    "_isOptional": false,
    "_trackingId": 38,
    "_classes": "color-two",
    "body": "",
    "displayTitle": "",
    "title": " ",
    "_assessment": {
      "_quizBankID": 1
    }
  },
  {
    "_id": "5a86ea2668a0c03a0593e668",
    "_parentId": "5a81955036537b100508f02d",
    "_type": "block",
    "_isAvailable": true,
    "_isOptional": false,
    "_trackingId": 39,
    "_classes": "color-one",
    "body": "",
    "displayTitle": "",
    "title": " ",
    "_assessment": {
      "_quizBankID": 1
    }
  },
  {
    "_id": "5a855d6317d7081505bc47ae",
    "_parentId": "5a85563417d7081505bc473f",
    "_type": "block",
    "_isAvailable": true,
    "_isOptional": false,
    "_trackingId": 40,
    "_classes": "color-one",
    "body": "",
    "displayTitle": " ",
    "title": " ",
    "_assessment": {
      "_quizBankID": 1
    }
  },
  {
    "_id": "5a85563517d7081505bc474b",
    "_parentId": "5a85563417d7081505bc4740",
    "_type": "block",
    "_isAvailable": true,
    "_isOptional": false,
    "_trackingId": 41,
    "_classes": "inverted color-two",
    "body": "",
    "displayTitle": "",
    "title": " ",
    "_assessment": {
      "_quizBankID": 1
    }
  },
  {
    "_id": "5a1ff63dd78e42cc3a9cc8a9",
    "_parentId": "5a1eb7ced78e42cc3a9cc675",
    "_type": "block",
    "_isAvailable": true,
    "_isOptional": false,
    "_trackingId": 42,
    "_classes": "section-banner inverted color-two",
    "body": "",
    "displayTitle": " ",
    "title": " ",
    "_assessment": {
      "_quizBankID": 1
    }
  },
  {
    "_id": "5a202af3d78e42cc3a9cc8e0",
    "_parentId": "5a1eb7e6d78e42cc3a9cc6d5",
    "_type": "block",
    "_isAvailable": true,
    "_isOptional": false,
    "_trackingId": 43,
    "_classes": "inverted color-two",
    "body": "",
    "displayTitle": "",
    "title": "Block title",
    "_assessment": {
      "_quizBankID": 1
    }
  },
  {
    "_id": "5a81975936537b100508f0a1",
    "_parentId": "5a81955036537b100508f02d",
    "_type": "block",
    "_isAvailable": true,
    "_isOptional": false,
    "_trackingId": 44,
    "_classes": "section-banner inverted color-two",
    "body": "",
    "displayTitle": " ",
    "title": " ",
    "_assessment": {
      "_quizBankID": 1
    }
  },
  {
    "_id": "5a85718a17d7081505bc47ba",
    "_parentId": "5a85563417d7081505bc473f",
    "_type": "block",
    "_isAvailable": true,
    "_isOptional": false,
    "_trackingId": 45,
    "_classes": "inverted color-one",
    "body": "",
    "displayTitle": " ",
    "title": " ",
    "_assessment": {
      "_quizBankID": 1
    }
  },
  {
    "_id": "5a1eb7e7d78e42cc3a9cc6db",
    "_parentId": "5a1eb7e6d78e42cc3a9cc6d5",
    "_type": "block",
    "_isAvailable": true,
    "_isOptional": false,
    "_trackingId": 46,
    "_classes": "color-two section-banner",
    "body": "",
    "displayTitle": " ",
    "title": " ",
    "_assessment": {
      "_quizBankID": 1
    }
  },
  {
    "_id": "5a85563417d7081505bc4746",
    "_parentId": "5a85563417d7081505bc473f",
    "_type": "block",
    "_isAvailable": true,
    "_isOptional": false,
    "_trackingId": 47,
    "_classes": "section-banner color-two",
    "body": "",
    "displayTitle": " ",
    "title": " ",
    "_assessment": {
      "_quizBankID": 1
    }
  }
]