{
  "f64ad121fc8e0250264e5d5f00c90d78cd6271a0.png": {
    "title": "ODI Learning Roundal Green-Blue",
    "description": "Main ODI logo",
    "source": "http://theodi.org/",
    "licence": "All rights reserved",
    "attribution": "The Open Data Institute",
    "tags": [
      {
        "title": "ODI logo",
        "_id": "58481cbf4d7b7e82691e4bc0"
      },
      {
        "title": "intro logo",
        "_id": "58beddf9d084d5167a04ae89"
      }
    ]
  },
  "a516261fb9cb309e3b3d1116a192ecfc2a70fbad.png": {
    "title": "Burst white",
    "description": "Source: ODI",
    "tags": [
      {
        "title": "ODI splash",
        "_id": "58480b904d7b7e82691e4bb2"
      }
    ]
  },
  "91d7d44849aaa32d953399c315d3338572889c74.png": {
    "title": "ODI Burst theme colour",
    "description": "Takes the theme colour as it's background colour",
    "tags": []
  },
  "eb7c7b7bfff664aef851578a795efa612ea1a806.jpg": {
    "title": "Privacy.jpg",
    "description": "privacy data protection closed personal",
    "source": "https://www.flickr.com/photos/132053576@N03/17765606909/",
    "licence": "CC-BY",
    "attribution": "Owen Moore",
    "tags": [
      {
        "title": "data protection",
        "_id": "590c5855d084d5167a04e1f1"
      },
      {
        "title": "privacy",
        "_id": "590c5853d084d5167a04e1f0"
      },
      {
        "title": "personal data",
        "_id": "590c58acd084d5167a04e1f3"
      },
      {
        "title": "closed",
        "_id": "588a3023b61c46e176e7e921"
      }
    ]
  },
  "d28ef400d5d11d9984ac313007e55a2d27589939.png": {
    "title": "Road map",
    "description": "roadmap",
    "source": "http://www.freepik.com",
    "licence": "CC-BY",
    "attribution": "Freepik",
    "tags": []
  },
  "91627e27077a28d5edb249153a308ab66f3af1b0.png": {
    "title": "89910-OIY1GX-859.ai.png",
    "description": "Network node computer links data",
    "source": "http://www.freepik.com/index.php?goto=74&idfoto=1010276&term=data",
    "licence": "CC-BY",
    "attribution": "Freepik",
    "tags": []
  },
  "36d1de1b054024e2de84107d77635ba99e5e732d.jpg": {
    "title": "Opportunity growth",
    "description": "Opportunity growth",
    "source": "https://www.freepik.com/index.php?goto=74&idfoto=1215804&term=opportunity",
    "licence": "CC-BY",
    "attribution": "vectorpocket / Freepik",
    "tags": []
  },
  "68facb8622cf540b1e87f3a26af90538e84e97a4.png": {
    "title": "FCO logo",
    "description": "Foreign and Commonwealth Office",
    "source": "https://en.wikipedia.org/wiki/File:Foreign_and_Commonwealth_Office_Logo.svg",
    "licence": "All rights reserved",
    "attribution": "British Crown Copyright",
    "tags": []
  },
  "7b0189443d53d1379793bc1c20941af900d9252f.jpg": {
    "title": "connected cloud services",
    "description": "connected cloud services",
    "source": "https://www.freepik.com/index.php?goto=74&idfoto=1010276&term=data",
    "licence": "CC-BY",
    "attribution": "Freepik / ODI",
    "tags": []
  },
  "0046371e600da47ea29e4084115c22e8d2ab92de.png": {
    "title": "Data ethics canvas.png",
    "description": "data ethics canvas",
    "source": "",
    "licence": "CC-BY-SA",
    "attribution": "ODI",
    "tags": []
  },
  "92a3c74fcb12f50411f1cbc33fc7261018d9c386.mov": {
    "title": "ODI Theory of Change (part 1) - Positive ",
    "description": "ODI Theory of Change (part 1) - Positive ",
    "source": "https://theodi.org/about-the-odi/our-vision-and-manifesto/our-theory-of-change/",
    "licence": "CC-BY-SA",
    "attribution": "The Open Data Institute",
    "tags": []
  },
  "039cd0c4af13db04edb1312be83c8817419a9e77.png": {
    "title": "ODI Theory of Change (part 1) - Positive ",
    "description": "ODI Theory of Change (part 1) - Positive ",
    "source": "https://theodi.org/about-the-odi/our-vision-and-manifesto/our-theory-of-change/",
    "licence": "CC-BY-SA",
    "attribution": "The Open Data Institute",
    "tags": []
  },
  "7b7e12ae196093fe2c76171c76ad7450fa5092f1.mov": {
    "title": "ODI Theory of Change (part 2) - Hoarding ",
    "description": "ODI Theory of Change (part 2) - Hoarding ",
    "source": "https://theodi.org/about-the-odi/our-vision-and-manifesto/our-theory-of-change/",
    "licence": "CC-BY-SA",
    "attribution": "The Open Data Institute",
    "tags": []
  },
  "9820e008015beb25b977e4f805211bac53720fa5.mov": {
    "title": "ODI Theory of Change (part 2) - Fearing ",
    "description": "ODI Theory of Change (part 2) - Fearing ",
    "source": "https://theodi.org/about-the-odi/our-vision-and-manifesto/our-theory-of-change/",
    "licence": "",
    "attribution": "The Open Data Institute",
    "tags": []
  },
  "feadefc9b3b879c6b16e71342b38e262a563207f.mov": {
    "title": "ODI Theory of Change (part 4) - Combatting hoarding ",
    "description": "ODI Theory of Change (part 4) - Combatting hoarding ",
    "source": "https://theodi.org/about-the-odi/our-vision-and-manifesto/our-theory-of-change/",
    "licence": "CC-BY-SA",
    "attribution": "The Open Data Institute",
    "tags": []
  },
  "f1642b030cb4459ace80d932c8e8c6272d817705.mov": {
    "title": "ODI Theory of Change (part 5) - Fear levers ",
    "description": "ODI Theory of Change (part 5) - Fear levers ",
    "source": "https://theodi.org/about-the-odi/our-vision-and-manifesto/our-theory-of-change/",
    "licence": "",
    "attribution": "The Open Data Institute",
    "tags": []
  },
  "469b24274a5ae4bbee6dd0806dd9640e3dbfbde3.jpg": {
    "title": " Businessman hand stop dominoes continuous toppled or risk",
    "description": "Businessman hand stop dominoes continuous toppled or risk",
    "source": "https://www.freepik.com/free-photo/businessman-hand-stop-dominoes-continuous-toppled-or-risk-with-copyspace_1202140.htm#term=change&page=1&position=9",
    "licence": "CC-BY",
    "attribution": "snowing / Freepik",
    "tags": []
  },
  "b43dbd109cd4cf914faeecdf5f3ee5af207b949c.jpg": {
    "title": "Toolbox tools",
    "description": "Toolbox tools",
    "source": "https://www.freepik.com/free-vector/carpenter-s-tools-with-isometric-style_1322632.htm",
    "licence": "CC-BY",
    "attribution": "Freepik",
    "tags": []
  },
  "8484d3a867d4fa223258505d279b542c4c0b82aa.png": {
    "title": "ODI wasteland",
    "description": "ODI wasteland theory of change",
    "source": "https://theodi.org",
    "licence": "CC-BY-SA",
    "attribution": "The Open Data Institute",
    "tags": []
  },
  "c8a41bb2b7a603ca4f024ee34015d73278ca05be.png": {
    "title": "ODI Oil Field hoarding",
    "description": "ODI Oil Field hoarding theory of change",
    "source": "https://theodi.org",
    "licence": "CC-BY-SA",
    "attribution": "The Open Data Institute",
    "tags": []
  }
}