{
  "title": "FCO - Better decisions | Increased privacy",
  "displayTitle": "FCO - Better decisions | Increased privacy",
  "body": "<p>With the introduction of the GDPR, there are still many questions about how personal data can be shared and used within the FCO. The FCO operates in many different countries where there are different approaches to personal data protection &ndash; so there is still the need to understand how to minimise the risk to personal data, while being able to make better use of other data to support FCO activities.</p><p>This module will enable learners to make <strong>better</strong> and <strong>wider</strong> use of data whilst ensuring compliance with data protection legislation. &nbsp;</p>",
  "description": "",
  "_latestTrackingId": 22,
  "_buttons": {
    "disabledAriaLabel": "This button is disabled at the moment",
    "remainingAttemptText": "final attempt",
    "remainingAttemptsText": "remaining attempts",
    "_showFeedback": {
      "ariaLabel": "Show feedback",
      "buttonText": "Show feedback"
    },
    "_hideCorrectAnswer": {
      "ariaLabel": "Hide correct answer",
      "buttonText": "Hide correct answer"
    },
    "_showCorrectAnswer": {
      "ariaLabel": "Show correct answer",
      "buttonText": "Show correct answer"
    },
    "_reset": {
      "ariaLabel": "Reset",
      "buttonText": "Reset"
    },
    "_submit": {
      "ariaLabel": "Submit",
      "buttonText": "Submit"
    }
  },
  "_classes": "",
  "_lockType": "",
  "_id": "course",
  "_globals": {
    "_accessibility": {
      "accessibilityToggleTextOn": "Turn accessibility on?",
      "accessibilityToggleTextOff": "Turn accessibility off?",
      "skipNavigationText": "Skip navigation",
      "_accessibilityInstructions": {
        "touch": "Usage instructions. Use swipe left for next. Use swipe right for previous. Use a double tab to select. Use a two finger slide up to go to the top of the page.",
        "notouch": "Usage instructions. Use tab for next. Use shift tab for previous. Use enter to select. Use escape to go to the top of the page.",
        "ipad": "Usage instructions for touchscreens. Use swipe left for next. Use swipe right for previous. Use a double tab to select. Use a two finger slide up to go to the top of the page. Usage instructions for keyboard access. Use left for next. Use right for previous. Use up and down together to select."
      },
      "_ariaLabels": {
        "navigation": "Course navigation bar",
        "skipNavigation": "Skip Navigation",
        "menuLoaded": "Menu loaded",
        "page": "Page",
        "pageLoaded": "Page loaded",
        "previous": "Back",
        "navigationDrawer": "Open course resources and search",
        "drawer": "Side drawer",
        "closePopup": "Close popup",
        "next": "Next",
        "done": "Done",
        "complete": "Complete",
        "incomplete": "Incomplete",
        "correct": "Correct",
        "incorrect": "Incorrect",
        "locked": "Locked",
        "accessibilityToggleButton": "By selecting this button you can set whether accessibility is turned on or off",
        "feedbackPopUp": "Popup opened",
        "visited": "Visited",
        "menuIndicatorHeading": "Menu item heading "
      }
    },
    "_components": {
      "_graphic": {
        "ariaRegion": ""
      },
      "_text": {
        "ariaRegion": ""
      },
      "_accordion": {
        "ariaRegion": "This component is an accordion comprised of collapsible content panels containing display text. Select the item titles to toggle the visibility of these content panels."
      },
      "_mcq": {
        "ariaRegion": "This component is a multiple choice question. Once you have selected an option select the submit button below"
      },
      "_narrative": {
        "ariaRegion": "This component displays an image gallery with accompanying text. Use the next and back navigation controls to work through the narrative."
      },
      "_matching": {
        "ariaRegion": "This question component requires you to select the matching answer from a drop down list below. When you have selected your answers select the submit button."
      },
      "_media-autoplay": {
        "ariaRegion": "This is a media player component. Select the play / pause button to watch or listen.",
        "transcriptButton": "Alternatively you can select the link below for the transcript.",
        "ariaTranscriptLabel": "Transcript",
        "ariaCaptionsLabel": "Subtitles"
      }
    },
    "_extensions": {
      "_aboutPage": {
        "linkText": "About",
        "titleText": "About",
        "contactEMail": "training@theodi.org",
        "contactLinkText": "Contact",
        "aboutCredit": "",
        "SL_text": "<p>Developed for FCO&nbsp;by the&nbsp;<a href=\"https://theodi.org/\" target=\"_blank\">Open Data Institute</a></p>",
        "SL_facebook": "",
        "SL_flickr": "",
        "SL_github": "",
        "SL_scribd": "",
        "SL_soundcloud": "",
        "SL_twitter": "",
        "SL_vimeo": "",
        "SL_youtube": ""
      },
      "_ODILicence": {
        "linkText": "Licence",
        "titleText": "Licence"
      },
      "_pageLevelProgress": {
        "pageLevelProgress": "Page sections",
        "pageLevelProgressIndicatorBar": "Progress bar. Select here to view your current progress, and select an item to navigate to it. You have completed ",
        "pageLevelProgressMenuBar": "You have completed ",
        "pageLevelProgressEnd": "You have reached the end of the list of page sections.",
        "optionalContent": "Optional Content"
      }
    }
  },
  "_start": {
    "_isEnabled": true,
    "_startIds": [
      {
        "_id": "5c40838345b2a405475b2752",
        "_skipIfComplete": false,
        "_className": ""
      }
    ],
    "_force": true,
    "_isMenuDisabled": true
  },
  "_type": "course",
  "_aboutPage": {
    "_items": [
      {
        "_graphic": {
          "src": "adapt/css/assets/logo-small.png",
          "alt": ""
        },
        "description": "<p>Expert knowledge, content development and learning plans provided by the by&nbsp;<a href=\"https://theodi.org/\" tabindex=\"0\" target=\"_blank\">Open Data Institute</a>&nbsp;training team.</p>",
        "title": "ODI Training Team"
      },
      {
        "_graphic": {
          "src": "adapt/css/assets/adapt.png",
          "alt": ""
        },
        "description": "<p>Open source learning platform developed by <a href=\"https://www.adaptlearning.org/\" target=\"_blank\">Adapt learning</a>.</p>",
        "title": "Adapt learning"
      }
    ]
  },
  "_ODILicence": {
    "_items": [
      {
        "_graphic": {
          "src": "https://licensebuttons.net/l/by-sa/4.0/88x31.png",
          "alt": ""
        },
        "description": "<p>FCO eLearning&nbsp;by&nbsp;<a href=\"https://theodi.org\" target=\"_blank\">Open Data Institute</a> is licensed under a&nbsp;<a href=\"https://creativecommons.org/licenses/by-sa/4.0/\" target=\"_blank\">Creative Commons Attribution-ShareAlike 4.0 International Licence</a></p>",
        "title": ""
      },
      {
        "_graphic": {
          "src": "",
          "alt": ""
        },
        "description": "<p>Suitable attribution should follow the attribution best practice guidelines as outlined&nbsp;<a href=\"https://wiki.creativecommons.org/wiki/Best_practices_for_attribution\" target=\"_blank\">here</a>.</p>",
        "title": "Attribution requirements"
      },
      {
        "_graphic": {
          "src": "",
          "alt": ""
        },
        "description": "<p>The content, including text and structure is available for you to use, reuse and share (including for commercial purposes) subject to the conditions of the licence above.</p>",
        "title": "Content usage"
      },
      {
        "_graphic": {
          "src": "",
          "alt": ""
        },
        "description": "<p>This licence does not cover:</p><ul dir=\"ltr\"><li>Logos and trade marks such as those belonging to the Open Data Institute</li><li>Third party content (such as images)</li><li>Any other content as outlined under &#39;About&#39;</li></ul>",
        "title": "Exclusions"
      },
      {
        "_graphic": {
          "src": "",
          "alt": ""
        },
        "description": "<p>This licence does not grant you any right to use the Information in a way that suggests any official status or that the Information Provider and/or Licensor endorse you or your use of the Information.</p>",
        "title": "Non-endorsement"
      },
      {
        "_graphic": {
          "src": "",
          "alt": ""
        },
        "description": "<p>The Information is licensed &#39;as is&#39;. Neither the Open Data Institute nor the FCO&nbsp;are liable for any errors or omissions in the Information and shall not be liable for any loss, injury or damage of any kind caused by its use. The Information Provider does not guarantee the continued supply of the Information.</p>",
        "title": "No warranty"
      }
    ]
  },
  "_FooterLink": {
    "_items": [
      {
        "title": "Privacy notice",
        "link": "https://www.gov.uk/government/publications/foreign-and-commonwealth-office-privacy-notice-consular-services-in-the-uk-and-at-british-embassies-high-commissions-and-consulates-overseas"
      }
    ]
  },
  "_assessment": {
    "_postTotalScoreToLms": true,
    "_isPercentageBased": false,
    "_scoreToPass": 8
  },
  "_pageLevelProgress": {
    "_isEnabled": true,
    "_showPageCompletion": true
  }
}