[
  {
    "_id": "5ae34ebe7f0f6d130536029b",
    "_type": "article",
    "_parentId": "5ae34ebe7f0f6d1305360296",
    "_isAvailable": true,
    "_isOptional": false,
    "_classes": "",
    "body": "",
    "displayTitle": "",
    "title": "Article title",
    "_assessment": {
      "_isEnabled": false,
      "_id": "",
      "_banks": {
        "_isEnabled": false,
        "_split": "",
        "_randomisation": false
      },
      "_randomisation": {
        "_isEnabled": false,
        "_blockCount": 1
      },
      "_questions": {
        "_resetType": "soft",
        "_canShowFeedback": false,
        "_canShowMarking": false,
        "_canShowModelAnswer": false
      },
      "_isPercentageBased": false,
      "_scoreToPass": 60,
      "_includeInTotalScore": false,
      "_assessmentWeight": 1,
      "_isResetOnRevisit": false,
      "_attempts": -1
    }
  },
  {
    "_id": "5ae351d47f0f6d130536052c",
    "_parentId": "5ae351d47f0f6d130536052b",
    "_type": "article",
    "_isAvailable": true,
    "_isOptional": false,
    "_classes": "",
    "body": "",
    "displayTitle": "",
    "title": "Article title",
    "_assessment": {
      "_attempts": -1,
      "_isResetOnRevisit": false,
      "_assessmentWeight": 1,
      "_includeInTotalScore": false,
      "_scoreToPass": 60,
      "_isPercentageBased": false,
      "_questions": {
        "_canShowModelAnswer": false,
        "_canShowMarking": false,
        "_canShowFeedback": false,
        "_resetType": "soft"
      },
      "_randomisation": {
        "_blockCount": 1,
        "_isEnabled": false
      },
      "_banks": {
        "_randomisation": false,
        "_split": "",
        "_isEnabled": false
      },
      "_id": "",
      "_isEnabled": false
    }
  },
  {
    "_id": "5ae34ebe7f0f6d1305360298",
    "_parentId": "5ae34ebe7f0f6d1305360297",
    "_type": "article",
    "_isAvailable": true,
    "_isOptional": false,
    "_classes": "",
    "body": "",
    "displayTitle": "",
    "title": "Article title",
    "_assessment": {
      "_isEnabled": false,
      "_id": "",
      "_banks": {
        "_isEnabled": false,
        "_split": "",
        "_randomisation": false
      },
      "_randomisation": {
        "_isEnabled": false,
        "_blockCount": 1
      },
      "_questions": {
        "_resetType": "soft",
        "_canShowFeedback": false,
        "_canShowMarking": false,
        "_canShowModelAnswer": false
      },
      "_isPercentageBased": false,
      "_scoreToPass": 60,
      "_includeInTotalScore": false,
      "_assessmentWeight": 1,
      "_isResetOnRevisit": false,
      "_attempts": -1
    }
  },
  {
    "_id": "5ae34ebe7f0f6d130536029a",
    "_parentId": "5ae34ebe7f0f6d1305360296",
    "_type": "article",
    "_isAvailable": true,
    "_isOptional": false,
    "_classes": "hidden",
    "body": "",
    "displayTitle": "",
    "title": "Article title",
    "_assessment": {
      "_isEnabled": true,
      "_id": "assessment",
      "_banks": {
        "_isEnabled": true,
        "_split": "1,1,1,1,1,1,1,1,1,1",
        "_randomisation": false
      },
      "_randomisation": {
        "_isEnabled": false,
        "_blockCount": 1
      },
      "_questions": {
        "_resetType": "soft",
        "_canShowFeedback": true,
        "_canShowMarking": true,
        "_canShowModelAnswer": true
      },
      "_isPercentageBased": true,
      "_scoreToPass": 80,
      "_includeInTotalScore": true,
      "_assessmentWeight": 1,
      "_isResetOnRevisit": false,
      "_attempts": -1
    }
  },
  {
    "_id": "5ae34ebe7f0f6d130536029c",
    "_type": "article",
    "_parentId": "5ae34ebe7f0f6d1305360296",
    "_isAvailable": true,
    "_isOptional": false,
    "_classes": "",
    "body": "",
    "displayTitle": "",
    "title": "Article title",
    "_assessment": {
      "_isEnabled": false,
      "_id": "",
      "_banks": {
        "_isEnabled": false,
        "_split": "",
        "_randomisation": false
      },
      "_randomisation": {
        "_isEnabled": false,
        "_blockCount": 1
      },
      "_questions": {
        "_resetType": "soft",
        "_canShowFeedback": false,
        "_canShowMarking": false,
        "_canShowModelAnswer": false
      },
      "_isPercentageBased": false,
      "_scoreToPass": 60,
      "_includeInTotalScore": false,
      "_assessmentWeight": 1,
      "_isResetOnRevisit": false,
      "_attempts": -1
    }
  }
]