{
  "f64ad121fc8e0250264e5d5f00c90d78cd6271a0.png": {
    "title": "ODI Learning Roundal Green-Blue",
    "description": "Main ODI logo",
    "source": "http://theodi.org/",
    "licence": "All rights reserved",
    "attribution": "The Open Data Institute",
    "tags": [
      {
        "title": "ODI logo",
        "_id": "58481cbf4d7b7e82691e4bc0"
      },
      {
        "title": "intro logo",
        "_id": "58beddf9d084d5167a04ae89"
      }
    ]
  },
  "39c343aca81e82ac6fbc3702050816c1269be49f.jpg": {
    "title": "733.jpg",
    "description": "Close-up of judges gavel",
    "source": "http://www.freepik.com",
    "licence": "CC-BY",
    "attribution": "awesomecontent / Freepik",
    "tags": []
  },
  "6b0815e5da4596e0ae1e03ee73c1ae48b74c18f4.jpg": {
    "title": "People faces",
    "description": "People faces audience",
    "source": "http://www.freepik.com/free-vector/nice-people-avatars-in-flat-design_844761.htm#term=people&page=1&position=26",
    "licence": "CC-BY",
    "attribution": "Freepik",
    "tags": [
      {
        "title": "people",
        "_id": "584ed53e4e62ce485eb14558"
      },
      {
        "title": "audience",
        "_id": "58fdddbad084d5167a04dccc"
      },
      {
        "title": "face",
        "_id": "58fdddbbd084d5167a04dccd"
      }
    ]
  },
  "eb7c7b7bfff664aef851578a795efa612ea1a806.jpg": {
    "title": "Privacy.jpg",
    "description": "privacy data protection closed personal",
    "source": "https://www.flickr.com/photos/132053576@N03/17765606909/",
    "licence": "CC-BY",
    "attribution": "Owen Moore",
    "tags": [
      {
        "title": "data protection",
        "_id": "590c5855d084d5167a04e1f1"
      },
      {
        "title": "privacy",
        "_id": "590c5853d084d5167a04e1f0"
      },
      {
        "title": "personal data",
        "_id": "590c58acd084d5167a04e1f3"
      },
      {
        "title": "closed",
        "_id": "588a3023b61c46e176e7e921"
      }
    ]
  },
  "ae443dbaacece3c2e56cef4aa80f718b15b36b58.jpg": {
    "title": "Security icon",
    "description": "Security icon",
    "source": "http://www.freepik.com/free-vector/security-icon_1086687.htm#term=risk&page=1&position=30",
    "licence": "CC-BY",
    "attribution": "Photoroyalty / Freepik",
    "tags": []
  },
  "c8983566fcee8bb217d473f37e4f7839c3fdf58e.png": {
    "title": "globe face connected",
    "description": "globe people world connected connection faces",
    "source": "https://pixabay.com/en/social-media-faces-photo-album-550767/",
    "licence": "CC0",
    "attribution": "geralt",
    "tags": []
  },
  "43a1c4e720876e49432ecf95c181d05f705252e2.png": {
    "title": "Privacy policies GDPR",
    "description": "Privacy policies GDPR",
    "source": "https://ico.org.uk/media/for-organisations/documents/1625136/good-and-bad-examples-of-privacy-notices.pdf",
    "licence": "CC-BY",
    "attribution": "ICO / ODI",
    "tags": []
  },
  "14bb855951dfe14c5a20171da1f99337cb140ca1.jpg": {
    "title": "People Europe white bg",
    "description": "People Europe white bg",
    "source": "https://www.freepik.com/index.php?goto=74&idfoto=861919&term=people%20silhouette",
    "licence": "CC-BY",
    "attribution": "Kjpargeter / Freepik / ODI",
    "tags": []
  },
  "168aaddb50bd4da70aeb517c65262d077538c3ff.jpg": {
    "title": "Magnifying glass person",
    "description": "Magnifying glass person",
    "source": "https://www.freepik.com/index.php?goto=74&idfoto=836834&term=magnifying%20glass",
    "licence": "CC-BY",
    "attribution": "Ibrandify / Freepik",
    "tags": []
  },
  "41b54b48b48dc7227b137750fb4ba20953e7e1c4.jpg": {
    "title": "businessperson text experience questionnaire",
    "description": "businessperson text experience questionnaire",
    "source": "https://www.freepik.com/index.php?goto=74&idfoto=1072687&term=assessment",
    "licence": "CC-BY",
    "attribution": "katemangostar / Freepik",
    "tags": []
  },
  "9666374900330d96dad755893fb9770bc06bcd61.png": {
    "title": "GDPR statement",
    "description": "GDPR statement",
    "source": "https://ico.org.uk/media/for-organisations/documents/1625136/good-and-bad-examples-of-privacy-notices.pdf",
    "licence": "CC-BY",
    "attribution": "Open Data Institute",
    "tags": []
  },
  "b924ab7867088f4a1c85aef813c6933aa9ae3152.jpeg": {
    "title": "Glasses data",
    "description": "Glasses data",
    "source": "https://www.pexels.com/photo/coding-computer-data-depth-of-field-577585/",
    "licence": "CC0",
    "attribution": "Pexels",
    "tags": []
  },
  "31942170a9d65693d5222d1bfc11e88216ab9dd0.png": {
    "title": "Checklist",
    "description": "Checklist",
    "source": "https://www.freepik.com/index.php?goto=74&idfoto=1082297&term=checklist",
    "licence": "CC-BY",
    "attribution": "Freepik",
    "tags": []
  },
  "7dc322f66f88a2c72a1b38247ba913885a8569cf.jpg": {
    "title": "Boardroom",
    "description": "Boardroom",
    "source": "https://www.freepik.com/free-photo/silhouette-of-an-executive-holding-a-clipboard_864239.htm#term=boardroom&page=1&position=2",
    "licence": "CC-BY",
    "attribution": "Pressfoto / Freepik",
    "tags": []
  },
  "65acb644d6960965f9074d27e3e90b861c833dac.jpg": {
    "title": "8011.jpg",
    "description": "World map",
    "source": "https://www.freepik.com/index.php?goto=74&idfoto=1095019&term=world%20map",
    "licence": "CC-BY",
    "attribution": "starline / Freepik",
    "tags": []
  },
  "2bacbe4b513aa2b13154414cd4a171064b2d1637.png": {
    "title": "checklist.png",
    "description": "checklist cropped principles",
    "source": "https://www.freepik.com/index.php?goto=74&idfoto=1082297&term=checklist",
    "licence": "CC-BY",
    "attribution": "freepik",
    "tags": []
  },
  "1fb4a3759a8a5087246e7f4aebcb78bfe8ca7e67.jpeg": {
    "title": "World map",
    "description": "World map",
    "source": "https://www.freepik.com/index.php?goto=74&idfoto=1095019&term=world%20map",
    "licence": "CC-BY",
    "attribution": "starline / Freepik",
    "tags": []
  },
  "0aff27048c7040bc8d25a3ef20f76f1798fc69a4.jpeg": {
    "title": "Boardroom",
    "description": "Boardroom",
    "source": "https://www.freepik.com/free-photo/silhouette-of-an-executive-holding-a-clipboard_864239.htm#term=boardroom&page=1",
    "licence": "CC-BY",
    "attribution": "Pressfoto / Freepik",
    "tags": []
  },
  "647bc36a181b6051c7606c3f90d785a03671901c.png": {
    "title": "Data lifecycle",
    "description": "Data lifecycle",
    "source": "https://www.nexor.com/wp/wp-content/uploads/2017/03/Enabling-Secure-Information-Exchange-in-Cloud-environments-white-paper-diagram-1.png",
    "licence": "All rights reserved",
    "attribution": "Nexor",
    "tags": []
  },
  "8beca80eb92c0d4b5d0af6d638256fab25db9645.png": {
    "title": "Computer wallpaper with icons",
    "description": "Computer wallpaper with icons",
    "source": "https://www.freepik.com/free-vector/computer-wallpaper-with-icons_1087359.htm#term=request&page=1&position=5",
    "licence": "CC-BY",
    "attribution": "Freepik",
    "tags": []
  },
  "e0a67603c92c095934fa00f0787306bac2d672e1.jpg": {
    "title": "Data lifecycle (FCO",
    "description": "Data lifecycle (FCO",
    "source": "https://theodi.org",
    "licence": "CC-BY",
    "attribution": "Open Data Institute",
    "tags": []
  }
}