[
  {
    "_id": "5abbbd81dceff123054ec7eb",
    "_parentId": "5abbbd81dceff123054ec7d9",
    "_type": "block",
    "_isAvailable": true,
    "_isOptional": false,
    "_trackingId": 1,
    "_classes": "color-four",
    "body": "",
    "displayTitle": "",
    "title": "Block title",
    "_assessment": {
      "_quizBankID": 1
    }
  },
  {
    "_id": "5abbbd82dceff123054ec819",
    "_parentId": "5abbbd81dceff123054ec7d7",
    "_type": "block",
    "_isAvailable": true,
    "_isOptional": false,
    "_trackingId": 2,
    "_classes": "color-one",
    "body": "",
    "displayTitle": "",
    "title": "Introduction to the General Data Protection Regulation",
    "_assessment": {
      "_quizBankID": 1
    }
  },
  {
    "_id": "5abbbd81dceff123054ec7ea",
    "_parentId": "5abbbd81dceff123054ec7d8",
    "_type": "block",
    "_isAvailable": true,
    "_isOptional": false,
    "_trackingId": 3,
    "_classes": "inverted footer",
    "body": "",
    "displayTitle": "",
    "title": "Block title",
    "_assessment": {
      "_quizBankID": 1
    }
  },
  {
    "_id": "5abbbd81dceff123054ec7f1",
    "_parentId": "5abbbd81dceff123054ec7da",
    "_type": "block",
    "_isAvailable": true,
    "_isOptional": false,
    "_trackingId": 4,
    "_classes": "color-seven",
    "body": "",
    "displayTitle": "",
    "title": "Block title",
    "_assessment": {
      "_quizBankID": 1
    }
  },
  {
    "_id": "5abbbd81dceff123054ec7f5",
    "_parentId": "5abbbd81dceff123054ec7db",
    "_type": "block",
    "_isAvailable": true,
    "_isOptional": false,
    "_trackingId": 5,
    "_classes": "footer inverted",
    "body": "",
    "displayTitle": "",
    "title": "Block title",
    "_assessment": {
      "_quizBankID": 1
    }
  },
  {
    "_id": "5abbbd81dceff123054ec815",
    "_parentId": "5abbbd81dceff123054ec7df",
    "_type": "block",
    "_isAvailable": true,
    "_isOptional": false,
    "_trackingId": 6,
    "_classes": "inverted color-four",
    "body": "",
    "displayTitle": "",
    "title": "Block title",
    "_assessment": {
      "_quizBankID": 1
    }
  },
  {
    "_id": "5abbbd82dceff123054ec81b",
    "_type": "block",
    "_parentId": "5abbbd81dceff123054ec7e0",
    "_isAvailable": true,
    "_isOptional": false,
    "_trackingId": 7,
    "_classes": "",
    "body": "",
    "displayTitle": "",
    "title": "Block title",
    "_assessment": {
      "_quizBankID": 1
    }
  },
  {
    "_id": "5abbbd82dceff123054ec837",
    "_type": "block",
    "_parentId": "5abbbd81dceff123054ec7e1",
    "_isAvailable": true,
    "_isOptional": false,
    "_trackingId": 8,
    "_classes": "summary footer",
    "body": "",
    "displayTitle": "",
    "title": "Block title",
    "_assessment": {
      "_quizBankID": 1
    }
  },
  {
    "_id": "5abbbd81dceff123054ec7e2",
    "_parentId": "5abbbd81dceff123054ec7d7",
    "_type": "block",
    "_isAvailable": true,
    "_isOptional": false,
    "_trackingId": 9,
    "_classes": "inverted color-one",
    "body": "",
    "displayTitle": "",
    "title": "Block title",
    "_assessment": {
      "_quizBankID": 1
    }
  },
  {
    "_id": "5abbbd81dceff123054ec7ec",
    "_parentId": "5abbbd81dceff123054ec7d9",
    "_type": "block",
    "_isAvailable": true,
    "_isOptional": false,
    "_trackingId": 10,
    "_classes": "inverted color-four",
    "body": "",
    "displayTitle": "",
    "title": "Block title",
    "_assessment": {
      "_quizBankID": 1
    }
  },
  {
    "_id": "5abbbd81dceff123054ec7f2",
    "_parentId": "5abbbd81dceff123054ec7da",
    "_type": "block",
    "_isAvailable": true,
    "_isOptional": false,
    "_trackingId": 11,
    "_classes": "inverted color-seven",
    "body": "",
    "displayTitle": "",
    "title": "Block title",
    "_assessment": {
      "_quizBankID": 1
    }
  },
  {
    "_id": "5abbbd82dceff123054ec81c",
    "_parentId": "5abbbd81dceff123054ec7df",
    "_type": "block",
    "_isAvailable": true,
    "_isOptional": false,
    "_trackingId": 12,
    "_classes": "inverted color-four",
    "body": "",
    "displayTitle": "",
    "title": "Block title",
    "_assessment": {
      "_quizBankID": 1
    }
  },
  {
    "_id": "5abbbd81dceff123054ec7e6",
    "_parentId": "5abbbd81dceff123054ec7d7",
    "_type": "block",
    "_isAvailable": true,
    "_isOptional": false,
    "_trackingId": 13,
    "_classes": "color-one",
    "body": "",
    "displayTitle": "",
    "title": "Block title",
    "_assessment": {
      "_quizBankID": 1
    }
  },
  {
    "_id": "5abbbd81dceff123054ec7ed",
    "_parentId": "5abbbd81dceff123054ec7d9",
    "_type": "block",
    "_isAvailable": true,
    "_isOptional": false,
    "_trackingId": 14,
    "_classes": "color-four",
    "body": "",
    "displayTitle": "",
    "title": "Block title",
    "_assessment": {
      "_quizBankID": 1
    }
  },
  {
    "_id": "5abbbd81dceff123054ec7f3",
    "_parentId": "5abbbd81dceff123054ec7da",
    "_type": "block",
    "_isAvailable": true,
    "_isOptional": false,
    "_trackingId": 15,
    "_classes": "color-seven",
    "body": "",
    "displayTitle": "",
    "title": "Block title",
    "_assessment": {
      "_quizBankID": 1
    }
  },
  {
    "_id": "5abbbd82dceff123054ec81d",
    "_parentId": "5abbbd81dceff123054ec7df",
    "_type": "block",
    "_isAvailable": true,
    "_isOptional": false,
    "_trackingId": 16,
    "_classes": "inverted color-four",
    "body": "",
    "displayTitle": "",
    "title": "Block title",
    "_assessment": {
      "_quizBankID": 1
    }
  },
  {
    "_id": "5abbbd81dceff123054ec7ee",
    "_parentId": "5abbbd81dceff123054ec7d9",
    "_type": "block",
    "_isAvailable": true,
    "_isOptional": false,
    "_trackingId": 17,
    "_classes": "inverted color-four",
    "body": "",
    "displayTitle": "",
    "title": "Block title",
    "_assessment": {
      "_quizBankID": 1
    }
  },
  {
    "_id": "5abbbd81dceff123054ec7f4",
    "_parentId": "5abbbd81dceff123054ec7da",
    "_type": "block",
    "_isAvailable": true,
    "_isOptional": false,
    "_trackingId": 18,
    "_classes": "inverted color-seven",
    "body": "",
    "displayTitle": "",
    "title": "Block title",
    "_assessment": {
      "_quizBankID": 1
    }
  },
  {
    "_id": "5abbbd81dceff123054ec7f8",
    "_type": "block",
    "_parentId": "5abbbd81dceff123054ec7d7",
    "_isAvailable": true,
    "_isOptional": false,
    "_trackingId": 19,
    "_classes": "inverted color-one section-banner",
    "body": "",
    "displayTitle": "",
    "title": "Block title",
    "_assessment": {
      "_quizBankID": 1
    }
  },
  {
    "_id": "5abbbd82dceff123054ec81e",
    "_parentId": "5abbbd81dceff123054ec7df",
    "_type": "block",
    "_isAvailable": true,
    "_isOptional": false,
    "_trackingId": 20,
    "_classes": "inverted color-four",
    "body": "",
    "displayTitle": "",
    "title": "Block title",
    "_assessment": {
      "_quizBankID": 1
    }
  },
  {
    "_id": "5abbbd81dceff123054ec7ef",
    "_parentId": "5abbbd81dceff123054ec7d9",
    "_type": "block",
    "_isAvailable": true,
    "_isOptional": false,
    "_trackingId": 21,
    "_classes": "color-four",
    "body": "",
    "displayTitle": "",
    "title": "Block title",
    "_assessment": {
      "_quizBankID": 1
    }
  },
  {
    "_id": "5abbbd81dceff123054ec7f6",
    "_type": "block",
    "_parentId": "5abbbd81dceff123054ec7d7",
    "_isAvailable": true,
    "_isOptional": false,
    "_trackingId": 22,
    "_classes": "",
    "body": "",
    "displayTitle": "",
    "title": "Block title",
    "_assessment": {
      "_quizBankID": 1
    }
  },
  {
    "_id": "5abbbd82dceff123054ec81f",
    "_parentId": "5abbbd81dceff123054ec7df",
    "_type": "block",
    "_isAvailable": true,
    "_isOptional": false,
    "_trackingId": 23,
    "_classes": "color-four",
    "body": "",
    "displayTitle": "",
    "title": "Block title",
    "_assessment": {
      "_quizBankID": 2
    }
  },
  {
    "_id": "5abbbd81dceff123054ec7f0",
    "_parentId": "5abbbd81dceff123054ec7d9",
    "_type": "block",
    "_isAvailable": true,
    "_isOptional": false,
    "_trackingId": 24,
    "_classes": "inverted color-seven section-banner",
    "body": "",
    "displayTitle": "",
    "title": "Block title",
    "_assessment": {
      "_quizBankID": 1
    }
  },
  {
    "_id": "5abbbd81dceff123054ec7f9",
    "_type": "block",
    "_parentId": "5abbbd81dceff123054ec7d7",
    "_isAvailable": true,
    "_isOptional": false,
    "_trackingId": 25,
    "_classes": "inverted color-one",
    "body": "",
    "displayTitle": "",
    "title": "Block title",
    "_assessment": {
      "_quizBankID": 1
    }
  },
  {
    "_id": "5abbbd82dceff123054ec820",
    "_parentId": "5abbbd81dceff123054ec7df",
    "_type": "block",
    "_isAvailable": true,
    "_isOptional": false,
    "_trackingId": 26,
    "_classes": "color-four",
    "body": "",
    "displayTitle": "",
    "title": "Block title",
    "_assessment": {
      "_quizBankID": 2
    }
  },
  {
    "_id": "5abbbd81dceff123054ec812",
    "_type": "block",
    "_parentId": "5abbbd81dceff123054ec7d7",
    "_isAvailable": true,
    "_isOptional": false,
    "_trackingId": 27,
    "_classes": "",
    "body": "",
    "displayTitle": "Organisational roles",
    "title": "Organisational roles",
    "_assessment": {
      "_quizBankID": 1
    }
  },
  {
    "_id": "5abbbd82dceff123054ec821",
    "_parentId": "5abbbd81dceff123054ec7df",
    "_type": "block",
    "_isAvailable": true,
    "_isOptional": false,
    "_trackingId": 28,
    "_classes": "color-four",
    "body": "",
    "displayTitle": "",
    "title": "Block title",
    "_assessment": {
      "_quizBankID": 2
    }
  },
  {
    "_id": "5abbbd82dceff123054ec81a",
    "_type": "block",
    "_parentId": "5abbbd81dceff123054ec7d7",
    "_isAvailable": true,
    "_isOptional": false,
    "_trackingId": 29,
    "_classes": "inverted color-one",
    "body": "",
    "displayTitle": "",
    "title": "Block title",
    "_assessment": {
      "_quizBankID": 1
    }
  },
  {
    "_id": "5abbbd82dceff123054ec822",
    "_parentId": "5abbbd81dceff123054ec7df",
    "_type": "block",
    "_isAvailable": true,
    "_isOptional": false,
    "_trackingId": 30,
    "_classes": "inverted color-one",
    "body": "",
    "displayTitle": "",
    "title": "Block title",
    "_assessment": {
      "_quizBankID": 3
    }
  },
  {
    "_id": "5abbbd81dceff123054ec7fb",
    "_type": "block",
    "_parentId": "5abbbd81dceff123054ec7d7",
    "_isAvailable": true,
    "_isOptional": false,
    "_trackingId": 31,
    "_classes": "color-four section-banner",
    "body": "",
    "displayTitle": "",
    "title": "Block title",
    "_assessment": {
      "_quizBankID": 1
    }
  },
  {
    "_id": "5abbbd82dceff123054ec823",
    "_parentId": "5abbbd81dceff123054ec7df",
    "_type": "block",
    "_isAvailable": true,
    "_isOptional": false,
    "_trackingId": 32,
    "_classes": "inverted color-one",
    "body": "",
    "displayTitle": "",
    "title": "Block title",
    "_assessment": {
      "_quizBankID": 3
    }
  },
  {
    "_id": "5abbbd81dceff123054ec7e4",
    "_parentId": "5abbbd81dceff123054ec7d7",
    "_type": "block",
    "_isAvailable": true,
    "_isOptional": false,
    "_trackingId": 33,
    "_classes": "color-four inverted",
    "body": "",
    "displayTitle": "Establishing the lawful basis for processing personal data",
    "title": "Establishing the lawful basis for processing personal data",
    "_assessment": {
      "_quizBankID": 1
    }
  },
  {
    "_id": "5abbbd82dceff123054ec824",
    "_parentId": "5abbbd81dceff123054ec7df",
    "_type": "block",
    "_isAvailable": true,
    "_isOptional": false,
    "_trackingId": 34,
    "_classes": "inverted color-one",
    "body": "",
    "displayTitle": "",
    "title": "Block title",
    "_assessment": {
      "_quizBankID": 3
    }
  },
  {
    "_id": "5abbbd81dceff123054ec813",
    "_type": "block",
    "_parentId": "5abbbd81dceff123054ec7d7",
    "_isAvailable": true,
    "_isOptional": false,
    "_trackingId": 35,
    "_classes": "color-four",
    "body": "<p>Protection of personal data is critical during every stage of the data lifecycle. GDPR also puts a number of key requirements on each stage.</p>",
    "displayTitle": "GDPR and the data lifecycle",
    "title": "GDPR and the data lifecycle",
    "_assessment": {
      "_quizBankID": 1
    }
  },
  {
    "_id": "5abbbd82dceff123054ec825",
    "_parentId": "5abbbd81dceff123054ec7df",
    "_type": "block",
    "_isAvailable": true,
    "_isOptional": false,
    "_trackingId": 36,
    "_classes": "color-one",
    "body": "",
    "displayTitle": "",
    "title": "Block title",
    "_assessment": {
      "_quizBankID": 4
    }
  },
  {
    "_id": "5abbbd81dceff123054ec7e5",
    "_parentId": "5abbbd81dceff123054ec7d7",
    "_type": "block",
    "_isAvailable": true,
    "_isOptional": false,
    "_trackingId": 37,
    "_classes": "color-four inverted",
    "body": "",
    "displayTitle": "",
    "title": "Block title",
    "_assessment": {
      "_quizBankID": 1
    }
  },
  {
    "_id": "5abbbd82dceff123054ec826",
    "_parentId": "5abbbd81dceff123054ec7df",
    "_type": "block",
    "_isAvailable": true,
    "_isOptional": false,
    "_trackingId": 38,
    "_classes": "color-one",
    "body": "",
    "displayTitle": "",
    "title": "Block title",
    "_assessment": {
      "_quizBankID": 4
    }
  },
  {
    "_id": "5abbbd81dceff123054ec814",
    "_type": "block",
    "_parentId": "5abbbd81dceff123054ec7d7",
    "_isAvailable": true,
    "_isOptional": false,
    "_trackingId": 39,
    "_classes": "color-four",
    "body": "",
    "displayTitle": "",
    "title": "Obligations of the data processor",
    "_assessment": {
      "_quizBankID": 1
    }
  },
  {
    "_id": "5abbbd82dceff123054ec827",
    "_parentId": "5abbbd81dceff123054ec7df",
    "_type": "block",
    "_isAvailable": true,
    "_isOptional": false,
    "_trackingId": 40,
    "_classes": "inverted color-seven",
    "body": "",
    "displayTitle": "",
    "title": "Block title",
    "_assessment": {
      "_quizBankID": 5
    }
  },
  {
    "_id": "5abbbd81dceff123054ec7e3",
    "_parentId": "5abbbd81dceff123054ec7d7",
    "_type": "block",
    "_isAvailable": true,
    "_isOptional": false,
    "_trackingId": 41,
    "_classes": "section-banner inverted color-seven",
    "body": "",
    "displayTitle": "",
    "title": "Block title",
    "_assessment": {
      "_quizBankID": 1
    }
  },
  {
    "_id": "5abbbd82dceff123054ec828",
    "_parentId": "5abbbd81dceff123054ec7df",
    "_type": "block",
    "_isAvailable": true,
    "_isOptional": false,
    "_trackingId": 42,
    "_classes": "inverted color-seven",
    "body": "",
    "displayTitle": "",
    "title": "Block title",
    "_assessment": {
      "_quizBankID": 5
    }
  },
  {
    "_id": "5abbbd81dceff123054ec7e7",
    "_parentId": "5abbbd81dceff123054ec7d7",
    "_type": "block",
    "_isAvailable": true,
    "_isOptional": false,
    "_trackingId": 43,
    "_classes": "color-seven",
    "body": "",
    "displayTitle": "",
    "title": "Block title",
    "_assessment": {
      "_quizBankID": 1
    }
  },
  {
    "_id": "5abbbd82dceff123054ec834",
    "_parentId": "5abbbd81dceff123054ec7df",
    "_type": "block",
    "_isAvailable": true,
    "_isOptional": false,
    "_trackingId": 44,
    "_classes": "color-seven",
    "body": "",
    "displayTitle": "",
    "title": "Block title",
    "_assessment": {
      "_quizBankID": 6
    }
  },
  {
    "_id": "5abbbd81dceff123054ec7fa",
    "_type": "block",
    "_parentId": "5abbbd81dceff123054ec7d7",
    "_isAvailable": true,
    "_isOptional": false,
    "_trackingId": 45,
    "_classes": "section-banner color-one inverted",
    "body": "",
    "displayTitle": "",
    "title": "Block title",
    "_assessment": {
      "_quizBankID": 1
    }
  },
  {
    "_id": "5abbbd82dceff123054ec835",
    "_parentId": "5abbbd81dceff123054ec7df",
    "_type": "block",
    "_isAvailable": true,
    "_isOptional": false,
    "_trackingId": 46,
    "_classes": "color-seven",
    "body": "",
    "displayTitle": "",
    "title": "Block title",
    "_assessment": {
      "_quizBankID": 6
    }
  },
  {
    "_id": "5abbbd81dceff123054ec7e8",
    "_parentId": "5abbbd81dceff123054ec7d7",
    "_type": "block",
    "_isAvailable": true,
    "_isOptional": false,
    "_trackingId": 47,
    "_classes": "color-one",
    "body": "",
    "displayTitle": "",
    "title": "Privacy notices",
    "_assessment": {
      "_quizBankID": 1
    }
  },
  {
    "_id": "5abbbd82dceff123054ec836",
    "_parentId": "5abbbd81dceff123054ec7df",
    "_type": "block",
    "_isAvailable": true,
    "_isOptional": false,
    "_trackingId": 48,
    "_classes": "color-seven",
    "body": "",
    "displayTitle": "",
    "title": "Block title",
    "_assessment": {
      "_quizBankID": 6
    }
  },
  {
    "_id": "5abbbd81dceff123054ec7f7",
    "_type": "block",
    "_parentId": "5abbbd81dceff123054ec7d7",
    "_isAvailable": true,
    "_isOptional": false,
    "_trackingId": 49,
    "_classes": "color-one inverted",
    "body": "",
    "displayTitle": "",
    "title": "Block title",
    "_assessment": {
      "_quizBankID": 1
    }
  },
  {
    "_id": "5abbbd81dceff123054ec817",
    "_parentId": "5abbbd81dceff123054ec7df",
    "_type": "block",
    "_isAvailable": true,
    "_isOptional": false,
    "_trackingId": 50,
    "_classes": "color-four inverted",
    "body": "",
    "displayTitle": "",
    "title": "Block title",
    "_assessment": {
      "_quizBankID": 7
    }
  },
  {
    "_id": "5abbbd81dceff123054ec7e9",
    "_parentId": "5abbbd81dceff123054ec7d7",
    "_type": "block",
    "_isAvailable": true,
    "_isOptional": false,
    "_trackingId": 51,
    "_classes": "color-four section-banner",
    "body": "",
    "displayTitle": "",
    "title": "Block title",
    "_assessment": {
      "_quizBankID": 1
    }
  },
  {
    "_id": "5abbbd82dceff123054ec829",
    "_parentId": "5abbbd81dceff123054ec7df",
    "_type": "block",
    "_isAvailable": true,
    "_isOptional": false,
    "_trackingId": 52,
    "_classes": "color-four inverted",
    "body": "",
    "displayTitle": "",
    "title": "Block title",
    "_assessment": {
      "_quizBankID": 7
    }
  },
  {
    "_id": "5abbbd82dceff123054ec82a",
    "_parentId": "5abbbd81dceff123054ec7df",
    "_type": "block",
    "_isAvailable": true,
    "_isOptional": false,
    "_trackingId": 53,
    "_classes": "color-four inverted",
    "body": "",
    "displayTitle": "",
    "title": "Block title",
    "_assessment": {
      "_quizBankID": 7
    }
  },
  {
    "_id": "5abbbd82dceff123054ec82b",
    "_parentId": "5abbbd81dceff123054ec7df",
    "_type": "block",
    "_isAvailable": true,
    "_isOptional": false,
    "_trackingId": 54,
    "_classes": "color-four",
    "body": "",
    "displayTitle": "",
    "title": "Block title",
    "_assessment": {
      "_quizBankID": 8
    }
  },
  {
    "_id": "5abbbd82dceff123054ec82c",
    "_parentId": "5abbbd81dceff123054ec7df",
    "_type": "block",
    "_isAvailable": true,
    "_isOptional": false,
    "_trackingId": 55,
    "_classes": "color-four",
    "body": "",
    "displayTitle": "",
    "title": "Block title",
    "_assessment": {
      "_quizBankID": 8
    }
  },
  {
    "_id": "5abbbd82dceff123054ec82d",
    "_parentId": "5abbbd81dceff123054ec7df",
    "_type": "block",
    "_isAvailable": true,
    "_isOptional": false,
    "_trackingId": 56,
    "_classes": "color-four",
    "body": "",
    "displayTitle": "",
    "title": "Block title",
    "_assessment": {
      "_quizBankID": 8
    }
  },
  {
    "_id": "5abbbd81dceff123054ec816",
    "_parentId": "5abbbd81dceff123054ec7df",
    "_type": "block",
    "_isAvailable": true,
    "_isOptional": false,
    "_trackingId": 57,
    "_classes": "inverted color-one",
    "body": "",
    "displayTitle": "",
    "title": "Block title",
    "_assessment": {
      "_quizBankID": 9
    }
  },
  {
    "_id": "5abbbd82dceff123054ec82e",
    "_parentId": "5abbbd81dceff123054ec7df",
    "_type": "block",
    "_isAvailable": true,
    "_isOptional": false,
    "_trackingId": 58,
    "_classes": "inverted color-one",
    "body": "",
    "displayTitle": "",
    "title": "Block title",
    "_assessment": {
      "_quizBankID": 9
    }
  },
  {
    "_id": "5abbbd82dceff123054ec82f",
    "_parentId": "5abbbd81dceff123054ec7df",
    "_type": "block",
    "_isAvailable": true,
    "_isOptional": false,
    "_trackingId": 59,
    "_classes": "inverted color-one",
    "body": "",
    "displayTitle": "",
    "title": "Block title",
    "_assessment": {
      "_quizBankID": 9
    }
  },
  {
    "_id": "5abbbd82dceff123054ec830",
    "_parentId": "5abbbd81dceff123054ec7df",
    "_type": "block",
    "_isAvailable": true,
    "_isOptional": false,
    "_trackingId": 60,
    "_classes": "inverted color-one",
    "body": "",
    "displayTitle": "",
    "title": "Block title",
    "_assessment": {
      "_quizBankID": 9
    }
  },
  {
    "_id": "5abbbd82dceff123054ec831",
    "_parentId": "5abbbd81dceff123054ec7df",
    "_type": "block",
    "_isAvailable": true,
    "_isOptional": false,
    "_trackingId": 61,
    "_classes": "inverted color-one",
    "body": "",
    "displayTitle": "",
    "title": "Block title",
    "_assessment": {
      "_quizBankID": 9
    }
  },
  {
    "_id": "5abbbd81dceff123054ec818",
    "_parentId": "5abbbd81dceff123054ec7df",
    "_type": "block",
    "_isAvailable": true,
    "_isOptional": false,
    "_trackingId": 62,
    "_classes": "color-one",
    "body": "",
    "displayTitle": "",
    "title": "Block title",
    "_assessment": {
      "_quizBankID": 10
    }
  },
  {
    "_id": "5abbbd82dceff123054ec832",
    "_parentId": "5abbbd81dceff123054ec7df",
    "_type": "block",
    "_isAvailable": true,
    "_isOptional": false,
    "_trackingId": 63,
    "_classes": "color-one",
    "body": "",
    "displayTitle": "",
    "title": "Block title",
    "_assessment": {
      "_quizBankID": 10
    }
  },
  {
    "_id": "5abbbd82dceff123054ec833",
    "_parentId": "5abbbd81dceff123054ec7df",
    "_type": "block",
    "_isAvailable": true,
    "_isOptional": false,
    "_trackingId": 64,
    "_classes": "color-one",
    "body": "",
    "displayTitle": "",
    "title": "Block title",
    "_assessment": {
      "_quizBankID": 10
    }
  }
]