[
  {
    "_id": "5ae34ebe7f0f6d13053602ae",
    "_parentId": "5ae34ebe7f0f6d130536029a",
    "_type": "block",
    "_isAvailable": true,
    "_isOptional": false,
    "_trackingId": 1,
    "_classes": "inverted color-one",
    "body": "",
    "displayTitle": "",
    "title": "Block title",
    "_assessment": {
      "_quizBankID": 1
    }
  },
  {
    "_id": "5ae34ebe7f0f6d13053602b4",
    "_type": "block",
    "_parentId": "5ae34ebe7f0f6d130536029b",
    "_isAvailable": true,
    "_isOptional": false,
    "_trackingId": 2,
    "_classes": "",
    "body": "",
    "displayTitle": "",
    "title": "Block title",
    "_assessment": {
      "_quizBankID": 1
    }
  },
  {
    "_id": "5ae350777f0f6d1305360515",
    "_parentId": "5ae34ebe7f0f6d1305360298",
    "_type": "block",
    "_isAvailable": true,
    "_isOptional": false,
    "_trackingId": 3,
    "_classes": "color-one",
    "body": "",
    "displayTitle": "",
    "title": "Introduction",
    "_assessment": {
      "_quizBankID": 1
    }
  },
  {
    "_id": "5ae34ebf7f0f6d13053602d0",
    "_type": "block",
    "_parentId": "5ae34ebe7f0f6d130536029c",
    "_isAvailable": true,
    "_isOptional": false,
    "_trackingId": 4,
    "_classes": "summary footer",
    "body": "",
    "displayTitle": "",
    "title": "Block title",
    "_assessment": {
      "_quizBankID": 1
    }
  },
  {
    "_id": "5ae351d57f0f6d1305360542",
    "_parentId": "5ae351d47f0f6d130536052c",
    "_type": "block",
    "_isAvailable": true,
    "_isOptional": false,
    "_trackingId": 5,
    "_classes": "color-one",
    "body": "",
    "displayTitle": "",
    "title": "Introduction to the General Data Protection Regulation",
    "_assessment": {
      "_quizBankID": 1
    }
  },
  {
    "_id": "5ae350957f0f6d130536051b",
    "_parentId": "5ae34ebe7f0f6d1305360298",
    "_type": "block",
    "_isAvailable": true,
    "_isOptional": false,
    "_trackingId": 6,
    "_classes": "color-one inverted",
    "body": "",
    "displayTitle": "",
    "title": "Who needs to apply the GDPR?",
    "_assessment": {
      "_quizBankID": 1
    }
  },
  {
    "_id": "5ae34ebe7f0f6d13053602b5",
    "_parentId": "5ae34ebe7f0f6d130536029a",
    "_type": "block",
    "_isAvailable": true,
    "_isOptional": false,
    "_trackingId": 7,
    "_classes": "inverted color-one",
    "body": "",
    "displayTitle": "",
    "title": "Block title",
    "_assessment": {
      "_quizBankID": 1
    }
  },
  {
    "_id": "5ae351d47f0f6d130536052e",
    "_parentId": "5ae351d47f0f6d130536052c",
    "_type": "block",
    "_isAvailable": true,
    "_isOptional": false,
    "_trackingId": 8,
    "_classes": "inverted color-one",
    "body": "",
    "displayTitle": "",
    "title": "Block title",
    "_assessment": {
      "_quizBankID": 1
    }
  },
  {
    "_id": "5ae354527f0f6d13053606e1",
    "_type": "block",
    "_parentId": "5ae351d47f0f6d130536052c",
    "_isAvailable": true,
    "_isOptional": false,
    "_trackingId": 9,
    "_classes": "",
    "body": "",
    "displayTitle": "",
    "title": "Block title",
    "_assessment": {
      "_quizBankID": 1
    }
  },
  {
    "_id": "5ae34ebe7f0f6d13053602b6",
    "_parentId": "5ae34ebe7f0f6d130536029a",
    "_type": "block",
    "_isAvailable": true,
    "_isOptional": false,
    "_trackingId": 10,
    "_classes": "inverted color-one",
    "body": "",
    "displayTitle": "",
    "title": "Block title",
    "_assessment": {
      "_quizBankID": 1
    }
  },
  {
    "_id": "5ae350b07f0f6d1305360521",
    "_parentId": "5ae34ebe7f0f6d1305360298",
    "_type": "block",
    "_isAvailable": true,
    "_isOptional": false,
    "_trackingId": 11,
    "_classes": "color-one",
    "body": "",
    "displayTitle": "",
    "title": "What happens when we Brexit?",
    "_assessment": {
      "_quizBankID": 1
    }
  },
  {
    "_id": "5ae352fa7f0f6d13053606d9",
    "_parentId": "5ae34ebe7f0f6d1305360298",
    "_type": "block",
    "_isAvailable": true,
    "_isOptional": false,
    "_trackingId": 12,
    "_classes": "color-one inverted",
    "body": "",
    "displayTitle": "",
    "title": "What do you need to know?",
    "_assessment": {
      "_quizBankID": 1
    }
  },
  {
    "_id": "5ae34ebe7f0f6d13053602b7",
    "_parentId": "5ae34ebe7f0f6d130536029a",
    "_type": "block",
    "_isAvailable": true,
    "_isOptional": false,
    "_trackingId": 13,
    "_classes": "inverted color-one",
    "body": "",
    "displayTitle": "",
    "title": "Block title",
    "_assessment": {
      "_quizBankID": 1
    }
  },
  {
    "_id": "5ae351d47f0f6d1305360538",
    "_type": "block",
    "_parentId": "5ae351d47f0f6d130536052c",
    "_isAvailable": true,
    "_isOptional": false,
    "_trackingId": 14,
    "_classes": "inverted color-one",
    "body": "",
    "displayTitle": "",
    "title": "Block title",
    "_assessment": {
      "_quizBankID": 1
    }
  },
  {
    "_id": "5ae34ebe7f0f6d13053602bb",
    "_parentId": "5ae34ebe7f0f6d130536029a",
    "_type": "block",
    "_isAvailable": true,
    "_isOptional": false,
    "_trackingId": 15,
    "_classes": "color-four",
    "body": "",
    "displayTitle": "",
    "title": "Block title",
    "_assessment": {
      "_quizBankID": 2
    }
  },
  {
    "_id": "5ae351d47f0f6d1305360530",
    "_parentId": "5ae351d47f0f6d130536052c",
    "_type": "block",
    "_isAvailable": true,
    "_isOptional": false,
    "_trackingId": 16,
    "_classes": "color-nine",
    "body": "",
    "displayTitle": "Establishing the lawful basis for processing personal data",
    "title": "Establishing the lawful basis for processing personal data",
    "_assessment": {
      "_quizBankID": 1
    }
  },
  {
    "_id": "5ae34ebe7f0f6d13053602bc",
    "_parentId": "5ae34ebe7f0f6d130536029a",
    "_type": "block",
    "_isAvailable": true,
    "_isOptional": false,
    "_trackingId": 17,
    "_classes": "color-four",
    "body": "",
    "displayTitle": "",
    "title": "Block title",
    "_assessment": {
      "_quizBankID": 2
    }
  },
  {
    "_id": "5ae351d47f0f6d1305360532",
    "_parentId": "5ae351d47f0f6d130536052c",
    "_type": "block",
    "_isAvailable": true,
    "_isOptional": false,
    "_trackingId": 18,
    "_classes": "color-nine inverted",
    "body": "",
    "displayTitle": "",
    "title": "Block title",
    "_assessment": {
      "_quizBankID": 1
    }
  },
  {
    "_id": "5ae34ebe7f0f6d13053602bd",
    "_parentId": "5ae34ebe7f0f6d130536029a",
    "_type": "block",
    "_isAvailable": true,
    "_isOptional": false,
    "_trackingId": 19,
    "_classes": "color-four",
    "body": "",
    "displayTitle": "",
    "title": "Block title",
    "_assessment": {
      "_quizBankID": 2
    }
  },
  {
    "_id": "5ae351d47f0f6d1305360533",
    "_parentId": "5ae351d47f0f6d130536052c",
    "_type": "block",
    "_isAvailable": true,
    "_isOptional": false,
    "_trackingId": 20,
    "_classes": "color-six",
    "body": "",
    "displayTitle": "",
    "title": "Privacy notices",
    "_assessment": {
      "_quizBankID": 1
    }
  },
  {
    "_id": "5ae34ebe7f0f6d13053602be",
    "_parentId": "5ae34ebe7f0f6d130536029a",
    "_type": "block",
    "_isAvailable": true,
    "_isOptional": false,
    "_trackingId": 21,
    "_classes": "color-four inverted",
    "body": "",
    "displayTitle": "",
    "title": "Block title",
    "_assessment": {
      "_quizBankID": 3
    }
  },
  {
    "_id": "5ae35c197f0f6d1305360747",
    "_parentId": "5ae351d47f0f6d130536052c",
    "_type": "block",
    "_isAvailable": true,
    "_isOptional": false,
    "_trackingId": 22,
    "_classes": "color-six inverted",
    "body": "",
    "displayTitle": "",
    "title": "Privacy notices",
    "_assessment": {
      "_quizBankID": 1
    }
  },
  {
    "_id": "5ae34ebe7f0f6d13053602bf",
    "_parentId": "5ae34ebe7f0f6d130536029a",
    "_type": "block",
    "_isAvailable": true,
    "_isOptional": false,
    "_trackingId": 23,
    "_classes": "color-four inverted",
    "body": "",
    "displayTitle": "",
    "title": "Block title",
    "_assessment": {
      "_quizBankID": 3
    }
  },
  {
    "_id": "5ae351d57f0f6d130536053c",
    "_type": "block",
    "_parentId": "5ae351d47f0f6d130536052c",
    "_isAvailable": true,
    "_isOptional": false,
    "_trackingId": 24,
    "_classes": "color-four",
    "body": "<p>Protection of personal data is critical during every stage of its processing. The GDPR adds some key requirements to each stage.</p>",
    "displayTitle": "GDPR by default",
    "title": "GDPR by default",
    "_assessment": {
      "_quizBankID": 1
    }
  },
  {
    "_id": "5ae34ebe7f0f6d13053602c0",
    "_parentId": "5ae34ebe7f0f6d130536029a",
    "_type": "block",
    "_isAvailable": true,
    "_isOptional": false,
    "_trackingId": 25,
    "_classes": "color-three",
    "body": "",
    "displayTitle": "",
    "title": "Block title",
    "_assessment": {
      "_quizBankID": 4
    }
  },
  {
    "_id": "5ae351d47f0f6d1305360531",
    "_parentId": "5ae351d47f0f6d130536052c",
    "_type": "block",
    "_isAvailable": true,
    "_isOptional": false,
    "_trackingId": 26,
    "_classes": "color-four inverted",
    "body": "",
    "displayTitle": "",
    "title": "Block title",
    "_assessment": {
      "_quizBankID": 1
    }
  },
  {
    "_id": "5ae34ebf7f0f6d13053602cd",
    "_parentId": "5ae34ebe7f0f6d130536029a",
    "_type": "block",
    "_isAvailable": true,
    "_isOptional": false,
    "_trackingId": 27,
    "_classes": "color-three inverted",
    "body": "",
    "displayTitle": "",
    "title": "Block title",
    "_assessment": {
      "_quizBankID": 5
    }
  },
  {
    "_id": "5ae351d57f0f6d1305360541",
    "_parentId": "5ae351d47f0f6d130536052c",
    "_type": "block",
    "_isAvailable": true,
    "_isOptional": false,
    "_trackingId": 28,
    "_classes": "color-one",
    "body": "",
    "displayTitle": "",
    "title": "Data breaches",
    "_assessment": {
      "_quizBankID": 1
    }
  },
  {
    "_id": "5ae34ebf7f0f6d13053602ce",
    "_parentId": "5ae34ebe7f0f6d130536029a",
    "_type": "block",
    "_isAvailable": true,
    "_isOptional": false,
    "_trackingId": 29,
    "_classes": "color-three inverted",
    "body": "",
    "displayTitle": "",
    "title": "Block title",
    "_assessment": {
      "_quizBankID": 5
    }
  },
  {
    "_id": "5ae35af67f0f6d130536071d",
    "_parentId": "5ae351d47f0f6d130536052c",
    "_type": "block",
    "_isAvailable": true,
    "_isOptional": false,
    "_trackingId": 30,
    "_classes": "color-ten inverted",
    "body": "",
    "displayTitle": "",
    "title": "Block title",
    "_assessment": {
      "_quizBankID": 1
    }
  },
  {
    "_id": "5ae34ebf7f0f6d13053602cf",
    "_parentId": "5ae34ebe7f0f6d130536029a",
    "_type": "block",
    "_isAvailable": true,
    "_isOptional": false,
    "_trackingId": 31,
    "_classes": "color-three inverted",
    "body": "",
    "displayTitle": "",
    "title": "Block title",
    "_assessment": {
      "_quizBankID": 5
    }
  },
  {
    "_id": "5ae351d47f0f6d1305360534",
    "_parentId": "5ae351d47f0f6d130536052c",
    "_type": "block",
    "_isAvailable": true,
    "_isOptional": false,
    "_trackingId": 32,
    "_classes": "color-ten inverted",
    "body": "",
    "displayTitle": "",
    "title": "Block title",
    "_assessment": {
      "_quizBankID": 1
    }
  },
  {
    "_id": "5ae34ebe7f0f6d13053602b0",
    "_parentId": "5ae34ebe7f0f6d130536029a",
    "_type": "block",
    "_isAvailable": true,
    "_isOptional": false,
    "_trackingId": 33,
    "_classes": "color-four",
    "body": "",
    "displayTitle": "",
    "title": "Block title",
    "_assessment": {
      "_quizBankID": 6
    }
  },
  {
    "_id": "5ae34ebe7f0f6d13053602c2",
    "_parentId": "5ae34ebe7f0f6d130536029a",
    "_type": "block",
    "_isAvailable": true,
    "_isOptional": false,
    "_trackingId": 34,
    "_classes": "color-four",
    "body": "",
    "displayTitle": "",
    "title": "Block title",
    "_assessment": {
      "_quizBankID": 6
    }
  },
  {
    "_id": "5ae34ebe7f0f6d13053602c3",
    "_parentId": "5ae34ebe7f0f6d130536029a",
    "_type": "block",
    "_isAvailable": true,
    "_isOptional": false,
    "_trackingId": 35,
    "_classes": "color-four",
    "body": "",
    "displayTitle": "",
    "title": "Block title",
    "_assessment": {
      "_quizBankID": 6
    }
  },
  {
    "_id": "5ae34ebe7f0f6d13053602af",
    "_parentId": "5ae34ebe7f0f6d130536029a",
    "_type": "block",
    "_isAvailable": true,
    "_isOptional": false,
    "_trackingId": 36,
    "_classes": "color-one inverted",
    "body": "",
    "displayTitle": "",
    "title": "Block title",
    "_assessment": {
      "_quizBankID": 7
    }
  },
  {
    "_id": "5ae34ebe7f0f6d13053602c7",
    "_parentId": "5ae34ebe7f0f6d130536029a",
    "_type": "block",
    "_isAvailable": true,
    "_isOptional": false,
    "_trackingId": 37,
    "_classes": "color-one inverted",
    "body": "",
    "displayTitle": "",
    "title": "Block title",
    "_assessment": {
      "_quizBankID": 7
    }
  },
  {
    "_id": "5ae34ebe7f0f6d13053602c8",
    "_parentId": "5ae34ebe7f0f6d130536029a",
    "_type": "block",
    "_isAvailable": true,
    "_isOptional": false,
    "_trackingId": 38,
    "_classes": "color-one inverted",
    "body": "",
    "displayTitle": "",
    "title": "Block title",
    "_assessment": {
      "_quizBankID": 7
    }
  },
  {
    "_id": "5ae34ebe7f0f6d13053602c9",
    "_parentId": "5ae34ebe7f0f6d130536029a",
    "_type": "block",
    "_isAvailable": true,
    "_isOptional": false,
    "_trackingId": 39,
    "_classes": "color-one inverted",
    "body": "",
    "displayTitle": "",
    "title": "Block title",
    "_assessment": {
      "_quizBankID": 7
    }
  },
  {
    "_id": "5ae34ebe7f0f6d13053602ca",
    "_parentId": "5ae34ebe7f0f6d130536029a",
    "_type": "block",
    "_isAvailable": true,
    "_isOptional": false,
    "_trackingId": 40,
    "_classes": "color-one inverted",
    "body": "",
    "displayTitle": "",
    "title": "Block title",
    "_assessment": {
      "_quizBankID": 7
    }
  },
  {
    "_id": "5ae34ebe7f0f6d13053602b1",
    "_parentId": "5ae34ebe7f0f6d130536029a",
    "_type": "block",
    "_isAvailable": true,
    "_isOptional": false,
    "_trackingId": 41,
    "_classes": "color-one",
    "body": "",
    "displayTitle": "",
    "title": "Block title",
    "_assessment": {
      "_quizBankID": 8
    }
  },
  {
    "_id": "5ae34ebf7f0f6d13053602cb",
    "_parentId": "5ae34ebe7f0f6d130536029a",
    "_type": "block",
    "_isAvailable": true,
    "_isOptional": false,
    "_trackingId": 42,
    "_classes": "color-one",
    "body": "",
    "displayTitle": "",
    "title": "Block title",
    "_assessment": {
      "_quizBankID": 8
    }
  },
  {
    "_id": "5ae34ebf7f0f6d13053602cc",
    "_parentId": "5ae34ebe7f0f6d130536029a",
    "_type": "block",
    "_isAvailable": true,
    "_isOptional": false,
    "_trackingId": 43,
    "_classes": "color-one",
    "body": "",
    "displayTitle": "",
    "title": "Block title",
    "_assessment": {
      "_quizBankID": 8
    }
  },
  {
    "_id": "5ae34ebe7f0f6d13053602c4",
    "_parentId": "5ae34ebe7f0f6d130536029a",
    "_type": "block",
    "_isAvailable": true,
    "_isOptional": false,
    "_trackingId": 44,
    "_classes": "color-four inverted",
    "body": "",
    "displayTitle": "",
    "title": "Block title",
    "_assessment": {
      "_quizBankID": 9
    }
  },
  {
    "_id": "5ae34ebe7f0f6d13053602c5",
    "_parentId": "5ae34ebe7f0f6d130536029a",
    "_type": "block",
    "_isAvailable": true,
    "_isOptional": false,
    "_trackingId": 45,
    "_classes": "color-four inverted",
    "body": "",
    "displayTitle": "",
    "title": "Block title",
    "_assessment": {
      "_quizBankID": 9
    }
  },
  {
    "_id": "5ae371567f0f6d1305360785",
    "_parentId": "5ae34ebe7f0f6d130536029a",
    "_type": "block",
    "_isAvailable": true,
    "_isOptional": false,
    "_trackingId": 46,
    "_classes": "color-four inverted",
    "body": "",
    "displayTitle": "",
    "title": "Block title",
    "_assessment": {
      "_quizBankID": 9
    }
  },
  {
    "_id": "5ae34ebe7f0f6d13053602c6",
    "_parentId": "5ae34ebe7f0f6d130536029a",
    "_type": "block",
    "_isAvailable": true,
    "_isOptional": false,
    "_trackingId": 47,
    "_classes": "color-three",
    "body": "",
    "displayTitle": "",
    "title": "Block title",
    "_assessment": {
      "_quizBankID": 10
    }
  },
  {
    "_id": "5ae3729c7f0f6d13053607cf",
    "_parentId": "5ae34ebe7f0f6d130536029a",
    "_type": "block",
    "_isAvailable": true,
    "_isOptional": false,
    "_trackingId": 48,
    "_classes": "color-three",
    "body": "",
    "displayTitle": "",
    "title": "Block title",
    "_assessment": {
      "_quizBankID": 10
    }
  }
]