{
  "title": "FCDO (GDPR) - Lesson 1",
  "displayTitle": "FCDO (GDPR) - Lesson 1",
  "body": "",
  "description": "",
  "_latestTrackingId": 49,
  "_buttons": {
    "_submit": {
      "buttonText": "Submit",
      "ariaLabel": "Submit"
    },
    "_reset": {
      "buttonText": "Reset",
      "ariaLabel": "Reset"
    },
    "_showCorrectAnswer": {
      "buttonText": "Show correct answer",
      "ariaLabel": "Show correct answer"
    },
    "_hideCorrectAnswer": {
      "buttonText": "Hide correct answer",
      "ariaLabel": "Hide correct answer"
    },
    "_showFeedback": {
      "buttonText": "Show feedback",
      "ariaLabel": "Show feedback"
    },
    "remainingAttemptsText": "remaining attempts",
    "remainingAttemptText": "final attempt",
    "disabledAriaLabel": "This button is disabled at the moment"
  },
  "_classes": "",
  "_lockType": "",
  "_id": "course",
  "_globals": {
    "_accessibility": {
      "accessibilityToggleTextOn": "Turn accessibility on?",
      "accessibilityToggleTextOff": "Turn accessibility off?",
      "skipNavigationText": "Skip navigation",
      "_accessibilityInstructions": {
        "touch": "Usage instructions. Use swipe left for next. Use swipe right for previous. Use a double tab to select. Use a two finger slide up to go to the top of the page.",
        "notouch": "Usage instructions. Use tab for next. Use shift tab for previous. Use enter to select. Use escape to go to the top of the page.",
        "ipad": "Usage instructions for touchscreens. Use swipe left for next. Use swipe right for previous. Use a double tab to select. Use a two finger slide up to go to the top of the page. Usage instructions for keyboard access. Use left for next. Use right for previous. Use up and down together to select."
      },
      "_ariaLabels": {
        "navigation": "Course navigation bar",
        "skipNavigation": "Skip Navigation",
        "menuLoaded": "Menu loaded",
        "page": "Page",
        "pageLoaded": "Page loaded",
        "previous": "Back",
        "navigationDrawer": "Open course resources and search",
        "drawer": "Side drawer",
        "closePopup": "Close popup",
        "next": "Next",
        "done": "Done",
        "complete": "Complete",
        "incomplete": "Incomplete",
        "correct": "Correct",
        "incorrect": "Incorrect",
        "locked": "Locked",
        "accessibilityToggleButton": "By selecting this button you can set whether accessibility is turned on or off",
        "feedbackPopUp": "Popup opened",
        "visited": "Visited",
        "menuIndicatorHeading": "Menu item heading "
      }
    },
    "_components": {
      "_graphic": {
        "ariaRegion": ""
      },
      "_text": {
        "ariaRegion": ""
      },
      "_hotgraphic": {
        "ariaRegion": "Below is a component which allows you to select hot spots over an image. Select a hot spot to trigger a popup that includes an image with display text. Select the close button to close the popup.",
        "ariaPopupLabel": "Hotgraphic popup"
      },
      "_accordion": {
        "ariaRegion": "This component is an accordion comprised of collapsible content panels containing display text. Select the item titles to toggle the visibility of these content panels."
      },
      "_mcq": {
        "ariaRegion": "This component is a multiple choice question. Once you have selected an option select the submit button below"
      },
      "_jsonschema": {
        "ariaRegion": "This question requires you to input your answer in the codebox provided. When you have done so, select the submit button below."
      },
      "_dragndrop": {
        "ariaRegion": "This component is a multiple choice question. Once you have selected an option select the submit button below"
      },
      "_notify-imagegrid": {
        "ariaRegion": "This component contains images laid out in a flexible grid."
      },
      "_slider": {
        "ariaRegion": "Slider. Respond to the question by selecting a value on the scale and then submit.",
        "labelStart": "Start of the scale",
        "labelEnd": "End of the scale"
      },
      "_narrative": {
        "ariaRegion": "This component displays an image gallery with accompanying text. Use the next and back navigation controls to work through the narrative."
      },
      "_media": {
        "ariaRegion": "This is a media player component. Select the play / pause button to watch or listen.",
        "transcriptButton": "Alternatively you can select the link below for the transcript."
      },
      "_media-autoplay": {
        "ariaRegion": "This is a media player component. Select the play / pause button to watch or listen.",
        "transcriptButton": "Alternatively you can select the link below for the transcript.",
        "ariaTranscriptLabel": "Transcript",
        "ariaCaptionsLabel": "Subtitles"
      },
      "_matching": {
        "ariaRegion": "Matching. Select from lists and then submit."
      },
      "_textinput": {
        "ariaRegion": "Text input. Type your answer and then submit."
      },
      "_gmcq": {
        "ariaRegion": "This is a graphical multiple choice question. Once you have selected an option, select the submit button below."
      }
    },
    "_extensions": {
      "_aboutPage": {
        "linkText": "About",
        "titleText": "About",
        "contactEMail": "training@theodi.org",
        "contactLinkText": "Contact",
        "aboutCredit": "",
        "SL_text": "<p>© Foreign, Commonwealth &amp; Development Office&nbsp;/<br />The Open Data Institute</p>",
        "SL_facebook": "",
        "SL_flickr": "",
        "SL_github": "",
        "SL_scribd": "",
        "SL_soundcloud": "",
        "SL_twitter": "",
        "SL_vimeo": "",
        "SL_youtube": ""
      },
      "_pageLevelProgress": {
        "pageLevelProgress": "Page sections",
        "pageLevelProgressIndicatorBar": "Progress bar. Select here to view your current progress, and select an item to navigate to it. You have completed ",
        "pageLevelProgressMenuBar": "You have completed ",
        "pageLevelProgressEnd": "You have reached the end of the list of page sections.",
        "optionalContent": "Optional Content"
      }
    }
  },
  "_start": {
    "_isEnabled": true,
    "_startIds": [
      {
        "_className": "",
        "_skipIfComplete": false,
        "_id": "5ae34ebe7f0f6d1305360297"
      }
    ],
    "_force": true,
    "_isMenuDisabled": false
  },
  "_type": "course",
  "themeVariables": {
    "_paddings": {
      "hide-nav": true,
      "max-width": "1400px",
      "device-width-small": "520px",
      "device-width-medium": "520px",
      "device-width-large": "900px"
    },
    "_fonts": {
      "font-family": "'Open Sans', Helvetica, Arial, sans-serif"
    },
    "_colors": {
      "menu-color-count": "1",
      "color-one": "#10769a",
      "primary-color-inverted": "#ffffff",
      "color-two": "#8b005c",
      "secondary-color-inverted": "#ffffff",
      "color-three": "#b2541a",
      "tertiary-color-inverted": "#4b4e4f",
      "color-four": "#8b005c",
      "color-four-inverted": "#ffffff",
      "color-five": "#850057",
      "color-five-inverted": "#ffffff",
      "color-six": "#003f72",
      "color-six-inverted": "#ffffff",
      "color-seven": "#b2541a",
      "color-seven-inverted": "#ffffff",
      "color-eight": "#8b005c",
      "color-eight-inverted": "#ffffff",
      "color-nine": "#4b306a",
      "color-nine-inverted": "#ffffff",
      "color-ten": "#000000",
      "color-ten-inverted": "#ffffff",
      "quaternary-color": "#37474f",
      "quaternary-color-inverted": "#ffffff",
      "foreground-color": "#000000",
      "background-color": "#ffffff",
      "foreground-color-inverted": "#ffffff",
      "background-color-inverted": "#6d6d6d",
      "validation-error": "#f26c4f",
      "validation-success": "#82ca9c",
      "disabled-color": "#727272",
      "disabled-color-inverted": "#cccccc"
    }
  },
  "_aboutPage": {
    "_items": [
      {
        "title": "The Open Data Institute",
        "description": "<p>Expert knowledge, learning expertise and&nbsp;content development provided by the by the&nbsp;<a href=\"https://theodi.org\" target=\"_blank\">Open Data Institute</a>.</p>",
        "_graphic": {
          "alt": "",
          "src": "adapt/css/assets/logo-small.png"
        }
      },
      {
        "title": "Adapt learning",
        "description": "<p>Open source learning platform developed by <a href=\"https://www.adaptlearning.org/\" target=\"_blank\">Adapt learning</a>.</p>",
        "_graphic": {
          "alt": "",
          "src": "adapt/css/assets/adapt.png"
        }
      }
    ]
  },
  "_FooterLink": {
    "_items": [
      {
        "link": "https://www.fcoservices.gov.uk/terms-and-conditions/",
        "title": "Terms and Conditions"
      }
    ]
  },
  "_assessment": {
    "_postTotalScoreToLms": false,
    "_isPercentageBased": false,
    "_scoreToPass": 60
  },
  "_pageLevelProgress": {
    "_isEnabled": true,
    "_showPageCompletion": true
  }
}